"","V1","V2","V3","V4","V5","V6","V7","V8","V9","V10","V11","V12","V13","V14","V15","V16","V17","V18","V19","V20","V21","V22","V24","V25","V26","V27","V29","V30","V31","V32","V33","V34","V36","V37","V38","V40","V41","V42","V43","V44","V45","V46","V47","V48","V49","V50","V51","V52","V53","V54","V56","V57","V58","V59","V60","V61","V62","V63","V64","V65","V66","V67","V68","V69","V71","V72","V73","V74","V75","V76","V77","V78","V79","V80","V81","V82","V83","V84","V85","V87","V88","V89","V90","V91","V92","V93","V94","V96","V97","V98","V99","V100","V101","V102","V103","V104","V105","V106","V107","V108","V109","V110","V111","V112","V113","V114","V116","V117","V118","V120","V121","V124","V126","V127","V134","V137","V142","V148","V153","V158","V159","V161","V163","V164","V165","V167","V169","V171","V175","V176","V177","V179","V184","V185","V187","V190","V192","V194","V197","V203","V206","V212","V245","V246","V270"
"1",0,2,3,6,7,7,11,12,12,11,12,12,11,12,12,12,13,13,13,14,14,13,15,16,16,11,14,15,16,17,18,18,15,15,15,17,17,15,16,17,18,19,19,11,12,15,16,17,19,19,19,16,17,17,16,16,16,17,18,18,16,18,19,19,19,20,20,16,18,18,18,19,20,21,21,17,19,20,20,20,21,21,18,19,20,20,19,21,21,22,22,20,21,22,23,23,21,21,21,21,11,13,13,12,13,15,16,16,16,16,15,16,14,16,15,17,18,18,19,20,22,22,24,24,24,8,10,14,14,14,13,16,20,20,21,16,17,19,20,21,20,16,20,20,11
"2",2,0,3,6,7,7,11,12,12,11,12,12,11,12,12,12,13,13,13,14,14,13,15,16,16,11,14,15,16,17,18,18,15,15,15,17,17,15,16,17,18,19,19,11,12,15,16,17,19,19,19,16,17,17,16,16,16,17,18,18,16,18,19,19,19,20,20,16,18,18,18,19,20,21,21,17,19,20,20,20,21,21,18,19,20,20,19,21,21,22,22,20,21,22,23,23,21,21,21,21,11,13,13,12,13,15,16,16,16,16,15,16,14,16,15,17,18,18,19,20,22,22,24,24,24,8,10,14,14,14,13,16,20,20,21,16,17,19,20,21,20,16,20,20,11
"3",3,3,0,5,6,6,10,11,11,10,11,11,10,11,11,11,12,12,12,13,13,12,14,15,15,10,13,14,15,16,17,17,14,14,14,16,16,14,15,16,17,18,18,10,11,14,15,16,18,18,18,15,16,16,15,15,15,16,17,17,15,17,18,18,18,19,19,15,17,17,17,18,19,20,20,16,18,19,19,19,20,20,17,18,19,19,18,20,20,21,21,19,20,21,22,22,20,20,20,20,10,12,12,11,12,14,15,15,15,15,14,15,13,15,14,16,17,17,18,19,21,21,23,23,23,7,9,13,13,13,12,15,19,19,20,15,16,18,19,20,19,15,19,19,10
"4",6,6,5,0,3,3,9,10,10,9,10,10,9,10,10,10,11,11,11,12,12,11,13,14,14,9,12,13,14,15,16,16,13,13,13,15,15,13,14,15,16,17,17,9,10,13,14,15,17,17,17,14,15,15,14,14,14,15,16,16,14,16,17,17,17,18,18,14,16,16,16,17,18,19,19,15,17,18,18,18,19,19,16,17,18,18,17,19,19,20,20,18,19,20,21,21,19,19,19,19,9,11,11,10,11,13,14,14,14,14,13,14,12,14,13,15,16,16,17,18,20,20,22,22,22,6,8,12,12,12,11,14,18,18,19,14,15,17,18,19,18,14,18,18,9
"5",7,7,6,3,0,2,10,11,11,10,11,11,10,11,11,11,12,12,12,13,13,12,14,15,15,10,13,14,15,16,17,17,14,14,14,16,16,14,15,16,17,18,18,10,11,14,15,16,18,18,18,15,16,16,15,15,15,16,17,17,15,17,18,18,18,19,19,15,17,17,17,18,19,20,20,16,18,19,19,19,20,20,17,18,19,19,18,20,20,21,21,19,20,21,22,22,20,20,20,20,10,12,12,11,12,14,15,15,15,15,14,15,13,15,14,16,17,17,18,19,21,21,23,23,23,7,9,13,13,13,12,15,19,19,20,15,16,18,19,20,19,15,19,19,10
"6",7,7,6,3,2,0,10,11,11,10,11,11,10,11,11,11,12,12,12,13,13,12,14,15,15,10,13,14,15,16,17,17,14,14,14,16,16,14,15,16,17,18,18,10,11,14,15,16,18,18,18,15,16,16,15,15,15,16,17,17,15,17,18,18,18,19,19,15,17,17,17,18,19,20,20,16,18,19,19,19,20,20,17,18,19,19,18,20,20,21,21,19,20,21,22,22,20,20,20,20,10,12,12,11,12,14,15,15,15,15,14,15,13,15,14,16,17,17,18,19,21,21,23,23,23,7,9,13,13,13,12,15,19,19,20,15,16,18,19,20,19,15,19,19,10
"7",11,11,10,9,10,10,0,3,3,4,5,5,6,7,7,7,8,8,8,9,9,8,10,11,11,8,11,12,13,14,15,15,12,12,12,14,14,12,13,14,15,16,16,8,9,12,13,14,16,16,16,13,14,14,13,13,13,14,15,15,13,15,16,16,16,17,17,13,15,15,15,16,17,18,18,14,16,17,17,17,18,18,15,16,17,17,16,18,18,19,19,17,18,19,20,20,18,18,18,18,8,10,10,9,10,12,13,13,13,13,12,13,11,13,12,14,15,15,16,17,19,19,21,21,21,7,9,13,13,13,12,15,19,19,20,15,16,18,19,20,19,15,19,19,12
"8",12,12,11,10,11,11,3,0,2,5,6,6,7,8,8,8,9,9,9,10,10,9,11,12,12,9,12,13,14,15,16,16,13,13,13,15,15,13,14,15,16,17,17,9,10,13,14,15,17,17,17,14,15,15,14,14,14,15,16,16,14,16,17,17,17,18,18,14,16,16,16,17,18,19,19,15,17,18,18,18,19,19,16,17,18,18,17,19,19,20,20,18,19,20,21,21,19,19,19,19,9,11,11,10,11,13,14,14,14,14,13,14,12,14,13,15,16,16,17,18,20,20,22,22,22,8,10,14,14,14,13,16,20,20,21,16,17,19,20,21,20,16,20,20,13
"9",12,12,11,10,11,11,3,2,0,5,6,6,7,8,8,8,9,9,9,10,10,9,11,12,12,9,12,13,14,15,16,16,13,13,13,15,15,13,14,15,16,17,17,9,10,13,14,15,17,17,17,14,15,15,14,14,14,15,16,16,14,16,17,17,17,18,18,14,16,16,16,17,18,19,19,15,17,18,18,18,19,19,16,17,18,18,17,19,19,20,20,18,19,20,21,21,19,19,19,19,9,11,11,10,11,13,14,14,14,14,13,14,12,14,13,15,16,16,17,18,20,20,22,22,22,8,10,14,14,14,13,16,20,20,21,16,17,19,20,21,20,16,20,20,13
"10",11,11,10,9,10,10,4,5,5,0,3,3,6,7,7,7,8,8,8,9,9,8,10,11,11,8,11,12,13,14,15,15,12,12,12,14,14,12,13,14,15,16,16,8,9,12,13,14,16,16,16,13,14,14,13,13,13,14,15,15,13,15,16,16,16,17,17,13,15,15,15,16,17,18,18,14,16,17,17,17,18,18,15,16,17,17,16,18,18,19,19,17,18,19,20,20,18,18,18,18,8,10,10,9,10,12,13,13,13,13,12,13,11,13,12,14,15,15,16,17,19,19,21,21,21,7,9,13,13,13,12,15,19,19,20,15,16,18,19,20,19,15,19,19,12
"11",12,12,11,10,11,11,5,6,6,3,0,2,7,8,8,8,9,9,9,10,10,9,11,12,12,9,12,13,14,15,16,16,13,13,13,15,15,13,14,15,16,17,17,9,10,13,14,15,17,17,17,14,15,15,14,14,14,15,16,16,14,16,17,17,17,18,18,14,16,16,16,17,18,19,19,15,17,18,18,18,19,19,16,17,18,18,17,19,19,20,20,18,19,20,21,21,19,19,19,19,9,11,11,10,11,13,14,14,14,14,13,14,12,14,13,15,16,16,17,18,20,20,22,22,22,8,10,14,14,14,13,16,20,20,21,16,17,19,20,21,20,16,20,20,13
"12",12,12,11,10,11,11,5,6,6,3,2,0,7,8,8,8,9,9,9,10,10,9,11,12,12,9,12,13,14,15,16,16,13,13,13,15,15,13,14,15,16,17,17,9,10,13,14,15,17,17,17,14,15,15,14,14,14,15,16,16,14,16,17,17,17,18,18,14,16,16,16,17,18,19,19,15,17,18,18,18,19,19,16,17,18,18,17,19,19,20,20,18,19,20,21,21,19,19,19,19,9,11,11,10,11,13,14,14,14,14,13,14,12,14,13,15,16,16,17,18,20,20,22,22,22,8,10,14,14,14,13,16,20,20,21,16,17,19,20,21,20,16,20,20,13
"13",11,11,10,9,10,10,6,7,7,6,7,7,0,3,3,5,6,6,6,7,7,6,8,9,9,8,11,12,13,14,15,15,12,12,12,14,14,12,13,14,15,16,16,8,9,12,13,14,16,16,16,13,14,14,13,13,13,14,15,15,13,15,16,16,16,17,17,13,15,15,15,16,17,18,18,14,16,17,17,17,18,18,15,16,17,17,16,18,18,19,19,17,18,19,20,20,18,18,18,18,8,10,10,9,10,12,13,13,13,13,12,13,11,13,12,14,15,15,16,17,19,19,21,21,21,7,9,13,13,13,12,15,19,19,20,15,16,18,19,20,19,15,19,19,12
"14",12,12,11,10,11,11,7,8,8,7,8,8,3,0,2,6,7,7,7,8,8,7,9,10,10,9,12,13,14,15,16,16,13,13,13,15,15,13,14,15,16,17,17,9,10,13,14,15,17,17,17,14,15,15,14,14,14,15,16,16,14,16,17,17,17,18,18,14,16,16,16,17,18,19,19,15,17,18,18,18,19,19,16,17,18,18,17,19,19,20,20,18,19,20,21,21,19,19,19,19,9,11,11,10,11,13,14,14,14,14,13,14,12,14,13,15,16,16,17,18,20,20,22,22,22,8,10,14,14,14,13,16,20,20,21,16,17,19,20,21,20,16,20,20,13
"15",12,12,11,10,11,11,7,8,8,7,8,8,3,2,0,6,7,7,7,8,8,7,9,10,10,9,12,13,14,15,16,16,13,13,13,15,15,13,14,15,16,17,17,9,10,13,14,15,17,17,17,14,15,15,14,14,14,15,16,16,14,16,17,17,17,18,18,14,16,16,16,17,18,19,19,15,17,18,18,18,19,19,16,17,18,18,17,19,19,20,20,18,19,20,21,21,19,19,19,19,9,11,11,10,11,13,14,14,14,14,13,14,12,14,13,15,16,16,17,18,20,20,22,22,22,8,10,14,14,14,13,16,20,20,21,16,17,19,20,21,20,16,20,20,13
"16",12,12,11,10,11,11,7,8,8,7,8,8,5,6,6,0,3,3,5,6,6,5,7,8,8,9,12,13,14,15,16,16,13,13,13,15,15,13,14,15,16,17,17,9,10,13,14,15,17,17,17,14,15,15,14,14,14,15,16,16,14,16,17,17,17,18,18,14,16,16,16,17,18,19,19,15,17,18,18,18,19,19,16,17,18,18,17,19,19,20,20,18,19,20,21,21,19,19,19,19,9,11,11,10,11,13,14,14,14,14,13,14,12,14,13,15,16,16,17,18,20,20,22,22,22,8,10,14,14,14,13,16,20,20,21,16,17,19,20,21,20,16,20,20,13
"17",13,13,12,11,12,12,8,9,9,8,9,9,6,7,7,3,0,2,6,7,7,6,8,9,9,10,13,14,15,16,17,17,14,14,14,16,16,14,15,16,17,18,18,10,11,14,15,16,18,18,18,15,16,16,15,15,15,16,17,17,15,17,18,18,18,19,19,15,17,17,17,18,19,20,20,16,18,19,19,19,20,20,17,18,19,19,18,20,20,21,21,19,20,21,22,22,20,20,20,20,10,12,12,11,12,14,15,15,15,15,14,15,13,15,14,16,17,17,18,19,21,21,23,23,23,9,11,15,15,15,14,17,21,21,22,17,18,20,21,22,21,17,21,21,14
"18",13,13,12,11,12,12,8,9,9,8,9,9,6,7,7,3,2,0,6,7,7,6,8,9,9,10,13,14,15,16,17,17,14,14,14,16,16,14,15,16,17,18,18,10,11,14,15,16,18,18,18,15,16,16,15,15,15,16,17,17,15,17,18,18,18,19,19,15,17,17,17,18,19,20,20,16,18,19,19,19,20,20,17,18,19,19,18,20,20,21,21,19,20,21,22,22,20,20,20,20,10,12,12,11,12,14,15,15,15,15,14,15,13,15,14,16,17,17,18,19,21,21,23,23,23,9,11,15,15,15,14,17,21,21,22,17,18,20,21,22,21,17,21,21,14
"19",13,13,12,11,12,12,8,9,9,8,9,9,6,7,7,5,6,6,0,3,3,4,6,7,7,10,13,14,15,16,17,17,14,14,14,16,16,14,15,16,17,18,18,10,11,14,15,16,18,18,18,15,16,16,15,15,15,16,17,17,15,17,18,18,18,19,19,15,17,17,17,18,19,20,20,16,18,19,19,19,20,20,17,18,19,19,18,20,20,21,21,19,20,21,22,22,20,20,20,20,10,12,12,11,12,14,15,15,15,15,14,15,13,15,14,16,17,17,18,19,21,21,23,23,23,9,11,15,15,15,14,17,21,21,22,17,18,20,21,22,21,17,21,21,14
"20",14,14,13,12,13,13,9,10,10,9,10,10,7,8,8,6,7,7,3,0,2,5,7,8,8,11,14,15,16,17,18,18,15,15,15,17,17,15,16,17,18,19,19,11,12,15,16,17,19,19,19,16,17,17,16,16,16,17,18,18,16,18,19,19,19,20,20,16,18,18,18,19,20,21,21,17,19,20,20,20,21,21,18,19,20,20,19,21,21,22,22,20,21,22,23,23,21,21,21,21,11,13,13,12,13,15,16,16,16,16,15,16,14,16,15,17,18,18,19,20,22,22,24,24,24,10,12,16,16,16,15,18,22,22,23,18,19,21,22,23,22,18,22,22,15
"21",14,14,13,12,13,13,9,10,10,9,10,10,7,8,8,6,7,7,3,2,0,5,7,8,8,11,14,15,16,17,18,18,15,15,15,17,17,15,16,17,18,19,19,11,12,15,16,17,19,19,19,16,17,17,16,16,16,17,18,18,16,18,19,19,19,20,20,16,18,18,18,19,20,21,21,17,19,20,20,20,21,21,18,19,20,20,19,21,21,22,22,20,21,22,23,23,21,21,21,21,11,13,13,12,13,15,16,16,16,16,15,16,14,16,15,17,18,18,19,20,22,22,24,24,24,10,12,16,16,16,15,18,22,22,23,18,19,21,22,23,22,18,22,22,15
"22",13,13,12,11,12,12,8,9,9,8,9,9,6,7,7,5,6,6,4,5,5,0,4,5,5,10,13,14,15,16,17,17,14,14,14,16,16,14,15,16,17,18,18,10,11,14,15,16,18,18,18,15,16,16,15,15,15,16,17,17,15,17,18,18,18,19,19,15,17,17,17,18,19,20,20,16,18,19,19,19,20,20,17,18,19,19,18,20,20,21,21,19,20,21,22,22,20,20,20,20,10,12,12,11,12,14,15,15,15,15,14,15,13,15,14,16,17,17,18,19,21,21,23,23,23,9,11,15,15,15,14,17,21,21,22,17,18,20,21,22,21,17,21,21,14
"24",15,15,14,13,14,14,10,11,11,10,11,11,8,9,9,7,8,8,6,7,7,4,0,3,3,12,15,16,17,18,19,19,16,16,16,18,18,16,17,18,19,20,20,12,13,16,17,18,20,20,20,17,18,18,17,17,17,18,19,19,17,19,20,20,20,21,21,17,19,19,19,20,21,22,22,18,20,21,21,21,22,22,19,20,21,21,20,22,22,23,23,21,22,23,24,24,22,22,22,22,12,14,14,13,14,16,17,17,17,17,16,17,15,17,16,18,19,19,20,21,23,23,25,25,25,11,13,17,17,17,16,19,23,23,24,19,20,22,23,24,23,19,23,23,16
"25",16,16,15,14,15,15,11,12,12,11,12,12,9,10,10,8,9,9,7,8,8,5,3,0,2,13,16,17,18,19,20,20,17,17,17,19,19,17,18,19,20,21,21,13,14,17,18,19,21,21,21,18,19,19,18,18,18,19,20,20,18,20,21,21,21,22,22,18,20,20,20,21,22,23,23,19,21,22,22,22,23,23,20,21,22,22,21,23,23,24,24,22,23,24,25,25,23,23,23,23,13,15,15,14,15,17,18,18,18,18,17,18,16,18,17,19,20,20,21,22,24,24,26,26,26,12,14,18,18,18,17,20,24,24,25,20,21,23,24,25,24,20,24,24,17
"26",16,16,15,14,15,15,11,12,12,11,12,12,9,10,10,8,9,9,7,8,8,5,3,2,0,13,16,17,18,19,20,20,17,17,17,19,19,17,18,19,20,21,21,13,14,17,18,19,21,21,21,18,19,19,18,18,18,19,20,20,18,20,21,21,21,22,22,18,20,20,20,21,22,23,23,19,21,22,22,22,23,23,20,21,22,22,21,23,23,24,24,22,23,24,25,25,23,23,23,23,13,15,15,14,15,17,18,18,18,18,17,18,16,18,17,19,20,20,21,22,24,24,26,26,26,12,14,18,18,18,17,20,24,24,25,20,21,23,24,25,24,20,24,24,17
"27",11,11,10,9,10,10,8,9,9,8,9,9,8,9,9,9,10,10,10,11,11,10,12,13,13,0,5,6,7,8,9,9,6,6,6,8,8,6,7,8,9,10,10,4,5,8,9,10,12,12,12,9,10,10,9,9,9,10,11,11,9,11,12,12,12,13,13,9,11,11,11,12,13,14,14,10,12,13,13,13,14,14,11,12,13,13,12,14,14,15,15,13,14,15,16,16,14,14,14,14,6,8,8,7,8,10,11,11,11,11,10,11,9,11,10,12,13,13,14,15,17,17,19,19,19,7,9,13,13,13,12,15,19,19,20,15,16,18,19,20,19,15,19,19,12
"29",14,14,13,12,13,13,11,12,12,11,12,12,11,12,12,12,13,13,13,14,14,13,15,16,16,5,0,3,4,5,6,6,7,7,7,9,9,7,8,9,10,11,11,7,8,11,12,13,15,15,15,12,13,13,12,12,12,13,14,14,12,14,15,15,15,16,16,12,14,14,14,15,16,17,17,13,15,16,16,16,17,17,14,15,16,16,15,17,17,18,18,16,17,18,19,19,17,17,17,17,9,11,11,10,11,13,14,14,14,14,13,14,12,14,13,15,16,16,17,18,20,20,22,22,22,10,12,16,16,16,15,18,22,22,23,18,19,21,22,23,22,18,22,22,15
"30",15,15,14,13,14,14,12,13,13,12,13,13,12,13,13,13,14,14,14,15,15,14,16,17,17,6,3,0,3,4,5,5,8,8,8,10,10,8,9,10,11,12,12,8,9,12,13,14,16,16,16,13,14,14,13,13,13,14,15,15,13,15,16,16,16,17,17,13,15,15,15,16,17,18,18,14,16,17,17,17,18,18,15,16,17,17,16,18,18,19,19,17,18,19,20,20,18,18,18,18,10,12,12,11,12,14,15,15,15,15,14,15,13,15,14,16,17,17,18,19,21,21,23,23,23,11,13,17,17,17,16,19,23,23,24,19,20,22,23,24,23,19,23,23,16
"31",16,16,15,14,15,15,13,14,14,13,14,14,13,14,14,14,15,15,15,16,16,15,17,18,18,7,4,3,0,3,4,4,9,9,9,11,11,9,10,11,12,13,13,9,10,13,14,15,17,17,17,14,15,15,14,14,14,15,16,16,14,16,17,17,17,18,18,14,16,16,16,17,18,19,19,15,17,18,18,18,19,19,16,17,18,18,17,19,19,20,20,18,19,20,21,21,19,19,19,19,11,13,13,12,13,15,16,16,16,16,15,16,14,16,15,17,18,18,19,20,22,22,24,24,24,12,14,18,18,18,17,20,24,24,25,20,21,23,24,25,24,20,24,24,17
"32",17,17,16,15,16,16,14,15,15,14,15,15,14,15,15,15,16,16,16,17,17,16,18,19,19,8,5,4,3,0,3,3,10,10,10,12,12,10,11,12,13,14,14,10,11,14,15,16,18,18,18,15,16,16,15,15,15,16,17,17,15,17,18,18,18,19,19,15,17,17,17,18,19,20,20,16,18,19,19,19,20,20,17,18,19,19,18,20,20,21,21,19,20,21,22,22,20,20,20,20,12,14,14,13,14,16,17,17,17,17,16,17,15,17,16,18,19,19,20,21,23,23,25,25,25,13,15,19,19,19,18,21,25,25,26,21,22,24,25,26,25,21,25,25,18
"33",18,18,17,16,17,17,15,16,16,15,16,16,15,16,16,16,17,17,17,18,18,17,19,20,20,9,6,5,4,3,0,2,11,11,11,13,13,11,12,13,14,15,15,11,12,15,16,17,19,19,19,16,17,17,16,16,16,17,18,18,16,18,19,19,19,20,20,16,18,18,18,19,20,21,21,17,19,20,20,20,21,21,18,19,20,20,19,21,21,22,22,20,21,22,23,23,21,21,21,21,13,15,15,14,15,17,18,18,18,18,17,18,16,18,17,19,20,20,21,22,24,24,26,26,26,14,16,20,20,20,19,22,26,26,27,22,23,25,26,27,26,22,26,26,19
"34",18,18,17,16,17,17,15,16,16,15,16,16,15,16,16,16,17,17,17,18,18,17,19,20,20,9,6,5,4,3,2,0,11,11,11,13,13,11,12,13,14,15,15,11,12,15,16,17,19,19,19,16,17,17,16,16,16,17,18,18,16,18,19,19,19,20,20,16,18,18,18,19,20,21,21,17,19,20,20,20,21,21,18,19,20,20,19,21,21,22,22,20,21,22,23,23,21,21,21,21,13,15,15,14,15,17,18,18,18,18,17,18,16,18,17,19,20,20,21,22,24,24,26,26,26,14,16,20,20,20,19,22,26,26,27,22,23,25,26,27,26,22,26,26,19
"36",15,15,14,13,14,14,12,13,13,12,13,13,12,13,13,13,14,14,14,15,15,14,16,17,17,6,7,8,9,10,11,11,0,2,6,8,8,6,7,8,9,10,10,8,9,12,13,14,16,16,16,13,14,14,13,13,13,14,15,15,13,15,16,16,16,17,17,13,15,15,15,16,17,18,18,14,16,17,17,17,18,18,15,16,17,17,16,18,18,19,19,17,18,19,20,20,18,18,18,18,10,12,12,11,12,14,15,15,15,15,14,15,13,15,14,16,17,17,18,19,21,21,23,23,23,11,13,17,17,17,16,19,23,23,24,19,20,22,23,24,23,19,23,23,16
"37",15,15,14,13,14,14,12,13,13,12,13,13,12,13,13,13,14,14,14,15,15,14,16,17,17,6,7,8,9,10,11,11,2,0,6,8,8,6,7,8,9,10,10,8,9,12,13,14,16,16,16,13,14,14,13,13,13,14,15,15,13,15,16,16,16,17,17,13,15,15,15,16,17,18,18,14,16,17,17,17,18,18,15,16,17,17,16,18,18,19,19,17,18,19,20,20,18,18,18,18,10,12,12,11,12,14,15,15,15,15,14,15,13,15,14,16,17,17,18,19,21,21,23,23,23,11,13,17,17,17,16,19,23,23,24,19,20,22,23,24,23,19,23,23,16
"38",15,15,14,13,14,14,12,13,13,12,13,13,12,13,13,13,14,14,14,15,15,14,16,17,17,6,7,8,9,10,11,11,6,6,0,4,4,4,5,6,7,8,8,8,9,12,13,14,16,16,16,13,14,14,13,13,13,14,15,15,13,15,16,16,16,17,17,13,15,15,15,16,17,18,18,14,16,17,17,17,18,18,15,16,17,17,16,18,18,19,19,17,18,19,20,20,18,18,18,18,10,12,12,11,12,14,15,15,15,15,14,15,13,15,14,16,17,17,18,19,21,21,23,23,23,11,13,17,17,17,16,19,23,23,24,19,20,22,23,24,23,19,23,23,16
"40",17,17,16,15,16,16,14,15,15,14,15,15,14,15,15,15,16,16,16,17,17,16,18,19,19,8,9,10,11,12,13,13,8,8,4,0,2,6,7,8,9,10,10,10,11,14,15,16,18,18,18,15,16,16,15,15,15,16,17,17,15,17,18,18,18,19,19,15,17,17,17,18,19,20,20,16,18,19,19,19,20,20,17,18,19,19,18,20,20,21,21,19,20,21,22,22,20,20,20,20,12,14,14,13,14,16,17,17,17,17,16,17,15,17,16,18,19,19,20,21,23,23,25,25,25,13,15,19,19,19,18,21,25,25,26,21,22,24,25,26,25,21,25,25,18
"41",17,17,16,15,16,16,14,15,15,14,15,15,14,15,15,15,16,16,16,17,17,16,18,19,19,8,9,10,11,12,13,13,8,8,4,2,0,6,7,8,9,10,10,10,11,14,15,16,18,18,18,15,16,16,15,15,15,16,17,17,15,17,18,18,18,19,19,15,17,17,17,18,19,20,20,16,18,19,19,19,20,20,17,18,19,19,18,20,20,21,21,19,20,21,22,22,20,20,20,20,12,14,14,13,14,16,17,17,17,17,16,17,15,17,16,18,19,19,20,21,23,23,25,25,25,13,15,19,19,19,18,21,25,25,26,21,22,24,25,26,25,21,25,25,18
"42",15,15,14,13,14,14,12,13,13,12,13,13,12,13,13,13,14,14,14,15,15,14,16,17,17,6,7,8,9,10,11,11,6,6,4,6,6,0,3,4,5,6,6,8,9,12,13,14,16,16,16,13,14,14,13,13,13,14,15,15,13,15,16,16,16,17,17,13,15,15,15,16,17,18,18,14,16,17,17,17,18,18,15,16,17,17,16,18,18,19,19,17,18,19,20,20,18,18,18,18,10,12,12,11,12,14,15,15,15,15,14,15,13,15,14,16,17,17,18,19,21,21,23,23,23,11,13,17,17,17,16,19,23,23,24,19,20,22,23,24,23,19,23,23,16
"43",16,16,15,14,15,15,13,14,14,13,14,14,13,14,14,14,15,15,15,16,16,15,17,18,18,7,8,9,10,11,12,12,7,7,5,7,7,3,0,3,4,5,5,9,10,13,14,15,17,17,17,14,15,15,14,14,14,15,16,16,14,16,17,17,17,18,18,14,16,16,16,17,18,19,19,15,17,18,18,18,19,19,16,17,18,18,17,19,19,20,20,18,19,20,21,21,19,19,19,19,11,13,13,12,13,15,16,16,16,16,15,16,14,16,15,17,18,18,19,20,22,22,24,24,24,12,14,18,18,18,17,20,24,24,25,20,21,23,24,25,24,20,24,24,17
"44",17,17,16,15,16,16,14,15,15,14,15,15,14,15,15,15,16,16,16,17,17,16,18,19,19,8,9,10,11,12,13,13,8,8,6,8,8,4,3,0,3,4,4,10,11,14,15,16,18,18,18,15,16,16,15,15,15,16,17,17,15,17,18,18,18,19,19,15,17,17,17,18,19,20,20,16,18,19,19,19,20,20,17,18,19,19,18,20,20,21,21,19,20,21,22,22,20,20,20,20,12,14,14,13,14,16,17,17,17,17,16,17,15,17,16,18,19,19,20,21,23,23,25,25,25,13,15,19,19,19,18,21,25,25,26,21,22,24,25,26,25,21,25,25,18
"45",18,18,17,16,17,17,15,16,16,15,16,16,15,16,16,16,17,17,17,18,18,17,19,20,20,9,10,11,12,13,14,14,9,9,7,9,9,5,4,3,0,3,3,11,12,15,16,17,19,19,19,16,17,17,16,16,16,17,18,18,16,18,19,19,19,20,20,16,18,18,18,19,20,21,21,17,19,20,20,20,21,21,18,19,20,20,19,21,21,22,22,20,21,22,23,23,21,21,21,21,13,15,15,14,15,17,18,18,18,18,17,18,16,18,17,19,20,20,21,22,24,24,26,26,26,14,16,20,20,20,19,22,26,26,27,22,23,25,26,27,26,22,26,26,19
"46",19,19,18,17,18,18,16,17,17,16,17,17,16,17,17,17,18,18,18,19,19,18,20,21,21,10,11,12,13,14,15,15,10,10,8,10,10,6,5,4,3,0,2,12,13,16,17,18,20,20,20,17,18,18,17,17,17,18,19,19,17,19,20,20,20,21,21,17,19,19,19,20,21,22,22,18,20,21,21,21,22,22,19,20,21,21,20,22,22,23,23,21,22,23,24,24,22,22,22,22,14,16,16,15,16,18,19,19,19,19,18,19,17,19,18,20,21,21,22,23,25,25,27,27,27,15,17,21,21,21,20,23,27,27,28,23,24,26,27,28,27,23,27,27,20
"47",19,19,18,17,18,18,16,17,17,16,17,17,16,17,17,17,18,18,18,19,19,18,20,21,21,10,11,12,13,14,15,15,10,10,8,10,10,6,5,4,3,2,0,12,13,16,17,18,20,20,20,17,18,18,17,17,17,18,19,19,17,19,20,20,20,21,21,17,19,19,19,20,21,22,22,18,20,21,21,21,22,22,19,20,21,21,20,22,22,23,23,21,22,23,24,24,22,22,22,22,14,16,16,15,16,18,19,19,19,19,18,19,17,19,18,20,21,21,22,23,25,25,27,27,27,15,17,21,21,21,20,23,27,27,28,23,24,26,27,28,27,23,27,27,20
"48",11,11,10,9,10,10,8,9,9,8,9,9,8,9,9,9,10,10,10,11,11,10,12,13,13,4,7,8,9,10,11,11,8,8,8,10,10,8,9,10,11,12,12,0,3,6,7,8,10,10,10,7,8,8,7,7,7,8,9,9,7,9,10,10,10,11,11,7,9,9,9,10,11,12,12,8,10,11,11,11,12,12,9,10,11,11,10,12,12,13,13,11,12,13,14,14,12,12,12,12,6,8,8,7,8,10,11,11,11,11,10,11,9,11,10,12,13,13,14,15,17,17,19,19,19,7,9,13,13,13,12,15,19,19,20,15,16,18,19,20,19,15,19,19,12
"49",12,12,11,10,11,11,9,10,10,9,10,10,9,10,10,10,11,11,11,12,12,11,13,14,14,5,8,9,10,11,12,12,9,9,9,11,11,9,10,11,12,13,13,3,0,5,6,7,9,9,9,6,7,7,6,6,6,7,8,8,6,8,9,9,9,10,10,6,8,8,8,9,10,11,11,7,9,10,10,10,11,11,8,9,10,10,9,11,11,12,12,10,11,12,13,13,11,11,11,11,7,9,9,8,9,11,12,12,12,12,11,12,10,12,11,13,14,14,15,16,18,18,20,20,20,8,10,14,14,14,13,16,20,20,21,16,17,19,20,21,20,16,20,20,13
"50",15,15,14,13,14,14,12,13,13,12,13,13,12,13,13,13,14,14,14,15,15,14,16,17,17,8,11,12,13,14,15,15,12,12,12,14,14,12,13,14,15,16,16,6,5,0,3,4,6,6,6,5,6,6,5,5,7,8,9,9,7,9,10,10,10,11,11,7,9,9,9,10,11,12,12,8,10,11,11,11,12,12,9,10,11,11,10,12,12,13,13,11,12,13,14,14,12,12,12,12,10,12,12,11,12,14,15,15,15,15,14,15,13,15,14,16,17,17,18,19,21,21,23,23,23,11,13,17,17,17,16,19,23,23,24,19,20,22,23,24,23,19,23,23,16
"51",16,16,15,14,15,15,13,14,14,13,14,14,13,14,14,14,15,15,15,16,16,15,17,18,18,9,12,13,14,15,16,16,13,13,13,15,15,13,14,15,16,17,17,7,6,3,0,3,5,5,5,6,7,7,6,6,8,9,10,10,8,10,11,11,11,12,12,8,10,10,10,11,12,13,13,9,11,12,12,12,13,13,10,11,12,12,11,13,13,14,14,12,13,14,15,15,13,13,13,13,11,13,13,12,13,15,16,16,16,16,15,16,14,16,15,17,18,18,19,20,22,22,24,24,24,12,14,18,18,18,17,20,24,24,25,20,21,23,24,25,24,20,24,24,17
"52",17,17,16,15,16,16,14,15,15,14,15,15,14,15,15,15,16,16,16,17,17,16,18,19,19,10,13,14,15,16,17,17,14,14,14,16,16,14,15,16,17,18,18,8,7,4,3,0,4,4,4,7,8,8,7,7,9,10,11,11,9,11,12,12,12,13,13,9,11,11,11,12,13,14,14,10,12,13,13,13,14,14,11,12,13,13,12,14,14,15,15,13,14,15,16,16,14,14,14,14,12,14,14,13,14,16,17,17,17,17,16,17,15,17,16,18,19,19,20,21,23,23,25,25,25,13,15,19,19,19,18,21,25,25,26,21,22,24,25,26,25,21,25,25,18
"53",19,19,18,17,18,18,16,17,17,16,17,17,16,17,17,17,18,18,18,19,19,18,20,21,21,12,15,16,17,18,19,19,16,16,16,18,18,16,17,18,19,20,20,10,9,6,5,4,0,2,4,9,10,10,9,9,11,12,13,13,11,13,14,14,14,15,15,11,13,13,13,14,15,16,16,12,14,15,15,15,16,16,13,14,15,15,14,16,16,17,17,15,16,17,18,18,16,16,16,16,14,16,16,15,16,18,19,19,19,19,18,19,17,19,18,20,21,21,22,23,25,25,27,27,27,15,17,21,21,21,20,23,27,27,28,23,24,26,27,28,27,23,27,27,20
"54",19,19,18,17,18,18,16,17,17,16,17,17,16,17,17,17,18,18,18,19,19,18,20,21,21,12,15,16,17,18,19,19,16,16,16,18,18,16,17,18,19,20,20,10,9,6,5,4,2,0,4,9,10,10,9,9,11,12,13,13,11,13,14,14,14,15,15,11,13,13,13,14,15,16,16,12,14,15,15,15,16,16,13,14,15,15,14,16,16,17,17,15,16,17,18,18,16,16,16,16,14,16,16,15,16,18,19,19,19,19,18,19,17,19,18,20,21,21,22,23,25,25,27,27,27,15,17,21,21,21,20,23,27,27,28,23,24,26,27,28,27,23,27,27,20
"56",19,19,18,17,18,18,16,17,17,16,17,17,16,17,17,17,18,18,18,19,19,18,20,21,21,12,15,16,17,18,19,19,16,16,16,18,18,16,17,18,19,20,20,10,9,6,5,4,4,4,0,9,10,10,9,9,11,12,13,13,11,13,14,14,14,15,15,11,13,13,13,14,15,16,16,12,14,15,15,15,16,16,13,14,15,15,14,16,16,17,17,15,16,17,18,18,16,16,16,16,14,16,16,15,16,18,19,19,19,19,18,19,17,19,18,20,21,21,22,23,25,25,27,27,27,15,17,21,21,21,20,23,27,27,28,23,24,26,27,28,27,23,27,27,20
"57",16,16,15,14,15,15,13,14,14,13,14,14,13,14,14,14,15,15,15,16,16,15,17,18,18,9,12,13,14,15,16,16,13,13,13,15,15,13,14,15,16,17,17,7,6,5,6,7,9,9,9,0,3,3,4,4,8,9,10,10,8,10,11,11,11,12,12,8,10,10,10,11,12,13,13,9,11,12,12,12,13,13,10,11,12,12,11,13,13,14,14,12,13,14,15,15,13,13,13,13,11,13,13,12,13,15,16,16,16,16,15,16,14,16,15,17,18,18,19,20,22,22,24,24,24,12,14,18,18,18,17,20,24,24,25,20,21,23,24,25,24,20,24,24,17
"58",17,17,16,15,16,16,14,15,15,14,15,15,14,15,15,15,16,16,16,17,17,16,18,19,19,10,13,14,15,16,17,17,14,14,14,16,16,14,15,16,17,18,18,8,7,6,7,8,10,10,10,3,0,2,5,5,9,10,11,11,9,11,12,12,12,13,13,9,11,11,11,12,13,14,14,10,12,13,13,13,14,14,11,12,13,13,12,14,14,15,15,13,14,15,16,16,14,14,14,14,12,14,14,13,14,16,17,17,17,17,16,17,15,17,16,18,19,19,20,21,23,23,25,25,25,13,15,19,19,19,18,21,25,25,26,21,22,24,25,26,25,21,25,25,18
"59",17,17,16,15,16,16,14,15,15,14,15,15,14,15,15,15,16,16,16,17,17,16,18,19,19,10,13,14,15,16,17,17,14,14,14,16,16,14,15,16,17,18,18,8,7,6,7,8,10,10,10,3,2,0,5,5,9,10,11,11,9,11,12,12,12,13,13,9,11,11,11,12,13,14,14,10,12,13,13,13,14,14,11,12,13,13,12,14,14,15,15,13,14,15,16,16,14,14,14,14,12,14,14,13,14,16,17,17,17,17,16,17,15,17,16,18,19,19,20,21,23,23,25,25,25,13,15,19,19,19,18,21,25,25,26,21,22,24,25,26,25,21,25,25,18
"60",16,16,15,14,15,15,13,14,14,13,14,14,13,14,14,14,15,15,15,16,16,15,17,18,18,9,12,13,14,15,16,16,13,13,13,15,15,13,14,15,16,17,17,7,6,5,6,7,9,9,9,4,5,5,0,2,8,9,10,10,8,10,11,11,11,12,12,8,10,10,10,11,12,13,13,9,11,12,12,12,13,13,10,11,12,12,11,13,13,14,14,12,13,14,15,15,13,13,13,13,11,13,13,12,13,15,16,16,16,16,15,16,14,16,15,17,18,18,19,20,22,22,24,24,24,12,14,18,18,18,17,20,24,24,25,20,21,23,24,25,24,20,24,24,17
"61",16,16,15,14,15,15,13,14,14,13,14,14,13,14,14,14,15,15,15,16,16,15,17,18,18,9,12,13,14,15,16,16,13,13,13,15,15,13,14,15,16,17,17,7,6,5,6,7,9,9,9,4,5,5,2,0,8,9,10,10,8,10,11,11,11,12,12,8,10,10,10,11,12,13,13,9,11,12,12,12,13,13,10,11,12,12,11,13,13,14,14,12,13,14,15,15,13,13,13,13,11,13,13,12,13,15,16,16,16,16,15,16,14,16,15,17,18,18,19,20,22,22,24,24,24,12,14,18,18,18,17,20,24,24,25,20,21,23,24,25,24,20,24,24,17
"62",16,16,15,14,15,15,13,14,14,13,14,14,13,14,14,14,15,15,15,16,16,15,17,18,18,9,12,13,14,15,16,16,13,13,13,15,15,13,14,15,16,17,17,7,6,7,8,9,11,11,11,8,9,9,8,8,0,3,4,4,4,6,7,7,7,8,8,6,8,8,8,9,10,11,11,7,9,10,10,10,11,11,8,9,10,10,9,11,11,12,12,10,11,12,13,13,11,11,11,11,11,13,13,12,13,15,16,16,16,16,15,16,14,16,15,17,18,18,19,20,22,22,24,24,24,12,14,18,18,18,17,20,24,24,25,20,21,23,24,25,24,20,24,24,17
"63",17,17,16,15,16,16,14,15,15,14,15,15,14,15,15,15,16,16,16,17,17,16,18,19,19,10,13,14,15,16,17,17,14,14,14,16,16,14,15,16,17,18,18,8,7,8,9,10,12,12,12,9,10,10,9,9,3,0,3,3,5,7,8,8,8,9,9,7,9,9,9,10,11,12,12,8,10,11,11,11,12,12,9,10,11,11,10,12,12,13,13,11,12,13,14,14,12,12,12,12,12,14,14,13,14,16,17,17,17,17,16,17,15,17,16,18,19,19,20,21,23,23,25,25,25,13,15,19,19,19,18,21,25,25,26,21,22,24,25,26,25,21,25,25,18
"64",18,18,17,16,17,17,15,16,16,15,16,16,15,16,16,16,17,17,17,18,18,17,19,20,20,11,14,15,16,17,18,18,15,15,15,17,17,15,16,17,18,19,19,9,8,9,10,11,13,13,13,10,11,11,10,10,4,3,0,2,6,8,9,9,9,10,10,8,10,10,10,11,12,13,13,9,11,12,12,12,13,13,10,11,12,12,11,13,13,14,14,12,13,14,15,15,13,13,13,13,13,15,15,14,15,17,18,18,18,18,17,18,16,18,17,19,20,20,21,22,24,24,26,26,26,14,16,20,20,20,19,22,26,26,27,22,23,25,26,27,26,22,26,26,19
"65",18,18,17,16,17,17,15,16,16,15,16,16,15,16,16,16,17,17,17,18,18,17,19,20,20,11,14,15,16,17,18,18,15,15,15,17,17,15,16,17,18,19,19,9,8,9,10,11,13,13,13,10,11,11,10,10,4,3,2,0,6,8,9,9,9,10,10,8,10,10,10,11,12,13,13,9,11,12,12,12,13,13,10,11,12,12,11,13,13,14,14,12,13,14,15,15,13,13,13,13,13,15,15,14,15,17,18,18,18,18,17,18,16,18,17,19,20,20,21,22,24,24,26,26,26,14,16,20,20,20,19,22,26,26,27,22,23,25,26,27,26,22,26,26,19
"66",16,16,15,14,15,15,13,14,14,13,14,14,13,14,14,14,15,15,15,16,16,15,17,18,18,9,12,13,14,15,16,16,13,13,13,15,15,13,14,15,16,17,17,7,6,7,8,9,11,11,11,8,9,9,8,8,4,5,6,6,0,4,5,5,5,6,6,6,8,8,8,9,10,11,11,7,9,10,10,10,11,11,8,9,10,10,9,11,11,12,12,10,11,12,13,13,11,11,11,11,11,13,13,12,13,15,16,16,16,16,15,16,14,16,15,17,18,18,19,20,22,22,24,24,24,12,14,18,18,18,17,20,24,24,25,20,21,23,24,25,24,20,24,24,17
"67",18,18,17,16,17,17,15,16,16,15,16,16,15,16,16,16,17,17,17,18,18,17,19,20,20,11,14,15,16,17,18,18,15,15,15,17,17,15,16,17,18,19,19,9,8,9,10,11,13,13,13,10,11,11,10,10,6,7,8,8,4,0,3,3,5,6,6,8,10,10,10,11,12,13,13,9,11,12,12,12,13,13,10,11,12,12,11,13,13,14,14,12,13,14,15,15,13,13,13,13,13,15,15,14,15,17,18,18,18,18,17,18,16,18,17,19,20,20,21,22,24,24,26,26,26,14,16,20,20,20,19,22,26,26,27,22,23,25,26,27,26,22,26,26,19
"68",19,19,18,17,18,18,16,17,17,16,17,17,16,17,17,17,18,18,18,19,19,18,20,21,21,12,15,16,17,18,19,19,16,16,16,18,18,16,17,18,19,20,20,10,9,10,11,12,14,14,14,11,12,12,11,11,7,8,9,9,5,3,0,2,6,7,7,9,11,11,11,12,13,14,14,10,12,13,13,13,14,14,11,12,13,13,12,14,14,15,15,13,14,15,16,16,14,14,14,14,14,16,16,15,16,18,19,19,19,19,18,19,17,19,18,20,21,21,22,23,25,25,27,27,27,15,17,21,21,21,20,23,27,27,28,23,24,26,27,28,27,23,27,27,20
"69",19,19,18,17,18,18,16,17,17,16,17,17,16,17,17,17,18,18,18,19,19,18,20,21,21,12,15,16,17,18,19,19,16,16,16,18,18,16,17,18,19,20,20,10,9,10,11,12,14,14,14,11,12,12,11,11,7,8,9,9,5,3,2,0,6,7,7,9,11,11,11,12,13,14,14,10,12,13,13,13,14,14,11,12,13,13,12,14,14,15,15,13,14,15,16,16,14,14,14,14,14,16,16,15,16,18,19,19,19,19,18,19,17,19,18,20,21,21,22,23,25,25,27,27,27,15,17,21,21,21,20,23,27,27,28,23,24,26,27,28,27,23,27,27,20
"71",19,19,18,17,18,18,16,17,17,16,17,17,16,17,17,17,18,18,18,19,19,18,20,21,21,12,15,16,17,18,19,19,16,16,16,18,18,16,17,18,19,20,20,10,9,10,11,12,14,14,14,11,12,12,11,11,7,8,9,9,5,5,6,6,0,3,3,9,11,11,11,12,13,14,14,10,12,13,13,13,14,14,11,12,13,13,12,14,14,15,15,13,14,15,16,16,14,14,14,14,14,16,16,15,16,18,19,19,19,19,18,19,17,19,18,20,21,21,22,23,25,25,27,27,27,15,17,21,21,21,20,23,27,27,28,23,24,26,27,28,27,23,27,27,20
"72",20,20,19,18,19,19,17,18,18,17,18,18,17,18,18,18,19,19,19,20,20,19,21,22,22,13,16,17,18,19,20,20,17,17,17,19,19,17,18,19,20,21,21,11,10,11,12,13,15,15,15,12,13,13,12,12,8,9,10,10,6,6,7,7,3,0,2,10,12,12,12,13,14,15,15,11,13,14,14,14,15,15,12,13,14,14,13,15,15,16,16,14,15,16,17,17,15,15,15,15,15,17,17,16,17,19,20,20,20,20,19,20,18,20,19,21,22,22,23,24,26,26,28,28,28,16,18,22,22,22,21,24,28,28,29,24,25,27,28,29,28,24,28,28,21
"73",20,20,19,18,19,19,17,18,18,17,18,18,17,18,18,18,19,19,19,20,20,19,21,22,22,13,16,17,18,19,20,20,17,17,17,19,19,17,18,19,20,21,21,11,10,11,12,13,15,15,15,12,13,13,12,12,8,9,10,10,6,6,7,7,3,2,0,10,12,12,12,13,14,15,15,11,13,14,14,14,15,15,12,13,14,14,13,15,15,16,16,14,15,16,17,17,15,15,15,15,15,17,17,16,17,19,20,20,20,20,19,20,18,20,19,21,22,22,23,24,26,26,28,28,28,16,18,22,22,22,21,24,28,28,29,24,25,27,28,29,28,24,28,28,21
"74",16,16,15,14,15,15,13,14,14,13,14,14,13,14,14,14,15,15,15,16,16,15,17,18,18,9,12,13,14,15,16,16,13,13,13,15,15,13,14,15,16,17,17,7,6,7,8,9,11,11,11,8,9,9,8,8,6,7,8,8,6,8,9,9,9,10,10,0,4,4,4,5,6,7,7,5,7,8,8,8,9,9,6,7,8,8,7,9,9,10,10,8,9,10,11,11,9,9,9,9,11,13,13,12,13,15,16,16,16,16,15,16,14,16,15,17,18,18,19,20,22,22,24,24,24,12,14,18,18,18,17,20,24,24,25,20,21,23,24,25,24,20,24,24,17
"75",18,18,17,16,17,17,15,16,16,15,16,16,15,16,16,16,17,17,17,18,18,17,19,20,20,11,14,15,16,17,18,18,15,15,15,17,17,15,16,17,18,19,19,9,8,9,10,11,13,13,13,10,11,11,10,10,8,9,10,10,8,10,11,11,11,12,12,4,0,2,4,5,6,7,7,7,9,10,10,10,11,11,8,9,10,10,9,11,11,12,12,10,11,12,13,13,11,11,11,11,13,15,15,14,15,17,18,18,18,18,17,18,16,18,17,19,20,20,21,22,24,24,26,26,26,14,16,20,20,20,19,22,26,26,27,22,23,25,26,27,26,22,26,26,19
"76",18,18,17,16,17,17,15,16,16,15,16,16,15,16,16,16,17,17,17,18,18,17,19,20,20,11,14,15,16,17,18,18,15,15,15,17,17,15,16,17,18,19,19,9,8,9,10,11,13,13,13,10,11,11,10,10,8,9,10,10,8,10,11,11,11,12,12,4,2,0,4,5,6,7,7,7,9,10,10,10,11,11,8,9,10,10,9,11,11,12,12,10,11,12,13,13,11,11,11,11,13,15,15,14,15,17,18,18,18,18,17,18,16,18,17,19,20,20,21,22,24,24,26,26,26,14,16,20,20,20,19,22,26,26,27,22,23,25,26,27,26,22,26,26,19
"77",18,18,17,16,17,17,15,16,16,15,16,16,15,16,16,16,17,17,17,18,18,17,19,20,20,11,14,15,16,17,18,18,15,15,15,17,17,15,16,17,18,19,19,9,8,9,10,11,13,13,13,10,11,11,10,10,8,9,10,10,8,10,11,11,11,12,12,4,4,4,0,3,4,5,5,7,9,10,10,10,11,11,8,9,10,10,9,11,11,12,12,10,11,12,13,13,11,11,11,11,13,15,15,14,15,17,18,18,18,18,17,18,16,18,17,19,20,20,21,22,24,24,26,26,26,14,16,20,20,20,19,22,26,26,27,22,23,25,26,27,26,22,26,26,19
"78",19,19,18,17,18,18,16,17,17,16,17,17,16,17,17,17,18,18,18,19,19,18,20,21,21,12,15,16,17,18,19,19,16,16,16,18,18,16,17,18,19,20,20,10,9,10,11,12,14,14,14,11,12,12,11,11,9,10,11,11,9,11,12,12,12,13,13,5,5,5,3,0,3,4,4,8,10,11,11,11,12,12,9,10,11,11,10,12,12,13,13,11,12,13,14,14,12,12,12,12,14,16,16,15,16,18,19,19,19,19,18,19,17,19,18,20,21,21,22,23,25,25,27,27,27,15,17,21,21,21,20,23,27,27,28,23,24,26,27,28,27,23,27,27,20
"79",20,20,19,18,19,19,17,18,18,17,18,18,17,18,18,18,19,19,19,20,20,19,21,22,22,13,16,17,18,19,20,20,17,17,17,19,19,17,18,19,20,21,21,11,10,11,12,13,15,15,15,12,13,13,12,12,10,11,12,12,10,12,13,13,13,14,14,6,6,6,4,3,0,3,3,9,11,12,12,12,13,13,10,11,12,12,11,13,13,14,14,12,13,14,15,15,13,13,13,13,15,17,17,16,17,19,20,20,20,20,19,20,18,20,19,21,22,22,23,24,26,26,28,28,28,16,18,22,22,22,21,24,28,28,29,24,25,27,28,29,28,24,28,28,21
"80",21,21,20,19,20,20,18,19,19,18,19,19,18,19,19,19,20,20,20,21,21,20,22,23,23,14,17,18,19,20,21,21,18,18,18,20,20,18,19,20,21,22,22,12,11,12,13,14,16,16,16,13,14,14,13,13,11,12,13,13,11,13,14,14,14,15,15,7,7,7,5,4,3,0,2,10,12,13,13,13,14,14,11,12,13,13,12,14,14,15,15,13,14,15,16,16,14,14,14,14,16,18,18,17,18,20,21,21,21,21,20,21,19,21,20,22,23,23,24,25,27,27,29,29,29,17,19,23,23,23,22,25,29,29,30,25,26,28,29,30,29,25,29,29,22
"81",21,21,20,19,20,20,18,19,19,18,19,19,18,19,19,19,20,20,20,21,21,20,22,23,23,14,17,18,19,20,21,21,18,18,18,20,20,18,19,20,21,22,22,12,11,12,13,14,16,16,16,13,14,14,13,13,11,12,13,13,11,13,14,14,14,15,15,7,7,7,5,4,3,2,0,10,12,13,13,13,14,14,11,12,13,13,12,14,14,15,15,13,14,15,16,16,14,14,14,14,16,18,18,17,18,20,21,21,21,21,20,21,19,21,20,22,23,23,24,25,27,27,29,29,29,17,19,23,23,23,22,25,29,29,30,25,26,28,29,30,29,25,29,29,22
"82",17,17,16,15,16,16,14,15,15,14,15,15,14,15,15,15,16,16,16,17,17,16,18,19,19,10,13,14,15,16,17,17,14,14,14,16,16,14,15,16,17,18,18,8,7,8,9,10,12,12,12,9,10,10,9,9,7,8,9,9,7,9,10,10,10,11,11,5,7,7,7,8,9,10,10,0,4,5,5,5,6,6,5,6,7,7,6,8,8,9,9,7,8,9,10,10,8,8,8,8,12,14,14,13,14,16,17,17,17,17,16,17,15,17,16,18,19,19,20,21,23,23,25,25,25,13,15,19,19,19,18,21,25,25,26,21,22,24,25,26,25,21,25,25,18
"83",19,19,18,17,18,18,16,17,17,16,17,17,16,17,17,17,18,18,18,19,19,18,20,21,21,12,15,16,17,18,19,19,16,16,16,18,18,16,17,18,19,20,20,10,9,10,11,12,14,14,14,11,12,12,11,11,9,10,11,11,9,11,12,12,12,13,13,7,9,9,9,10,11,12,12,4,0,3,3,5,6,6,7,8,9,9,8,10,10,11,11,9,10,11,12,12,10,10,10,10,14,16,16,15,16,18,19,19,19,19,18,19,17,19,18,20,21,21,22,23,25,25,27,27,27,15,17,21,21,21,20,23,27,27,28,23,24,26,27,28,27,23,27,27,20
"84",20,20,19,18,19,19,17,18,18,17,18,18,17,18,18,18,19,19,19,20,20,19,21,22,22,13,16,17,18,19,20,20,17,17,17,19,19,17,18,19,20,21,21,11,10,11,12,13,15,15,15,12,13,13,12,12,10,11,12,12,10,12,13,13,13,14,14,8,10,10,10,11,12,13,13,5,3,0,2,6,7,7,8,9,10,10,9,11,11,12,12,10,11,12,13,13,11,11,11,11,15,17,17,16,17,19,20,20,20,20,19,20,18,20,19,21,22,22,23,24,26,26,28,28,28,16,18,22,22,22,21,24,28,28,29,24,25,27,28,29,28,24,28,28,21
"85",20,20,19,18,19,19,17,18,18,17,18,18,17,18,18,18,19,19,19,20,20,19,21,22,22,13,16,17,18,19,20,20,17,17,17,19,19,17,18,19,20,21,21,11,10,11,12,13,15,15,15,12,13,13,12,12,10,11,12,12,10,12,13,13,13,14,14,8,10,10,10,11,12,13,13,5,3,2,0,6,7,7,8,9,10,10,9,11,11,12,12,10,11,12,13,13,11,11,11,11,15,17,17,16,17,19,20,20,20,20,19,20,18,20,19,21,22,22,23,24,26,26,28,28,28,16,18,22,22,22,21,24,28,28,29,24,25,27,28,29,28,24,28,28,21
"87",20,20,19,18,19,19,17,18,18,17,18,18,17,18,18,18,19,19,19,20,20,19,21,22,22,13,16,17,18,19,20,20,17,17,17,19,19,17,18,19,20,21,21,11,10,11,12,13,15,15,15,12,13,13,12,12,10,11,12,12,10,12,13,13,13,14,14,8,10,10,10,11,12,13,13,5,5,6,6,0,3,3,8,9,10,10,9,11,11,12,12,10,11,12,13,13,11,11,11,11,15,17,17,16,17,19,20,20,20,20,19,20,18,20,19,21,22,22,23,24,26,26,28,28,28,16,18,22,22,22,21,24,28,28,29,24,25,27,28,29,28,24,28,28,21
"88",21,21,20,19,20,20,18,19,19,18,19,19,18,19,19,19,20,20,20,21,21,20,22,23,23,14,17,18,19,20,21,21,18,18,18,20,20,18,19,20,21,22,22,12,11,12,13,14,16,16,16,13,14,14,13,13,11,12,13,13,11,13,14,14,14,15,15,9,11,11,11,12,13,14,14,6,6,7,7,3,0,2,9,10,11,11,10,12,12,13,13,11,12,13,14,14,12,12,12,12,16,18,18,17,18,20,21,21,21,21,20,21,19,21,20,22,23,23,24,25,27,27,29,29,29,17,19,23,23,23,22,25,29,29,30,25,26,28,29,30,29,25,29,29,22
"89",21,21,20,19,20,20,18,19,19,18,19,19,18,19,19,19,20,20,20,21,21,20,22,23,23,14,17,18,19,20,21,21,18,18,18,20,20,18,19,20,21,22,22,12,11,12,13,14,16,16,16,13,14,14,13,13,11,12,13,13,11,13,14,14,14,15,15,9,11,11,11,12,13,14,14,6,6,7,7,3,2,0,9,10,11,11,10,12,12,13,13,11,12,13,14,14,12,12,12,12,16,18,18,17,18,20,21,21,21,21,20,21,19,21,20,22,23,23,24,25,27,27,29,29,29,17,19,23,23,23,22,25,29,29,30,25,26,28,29,30,29,25,29,29,22
"90",18,18,17,16,17,17,15,16,16,15,16,16,15,16,16,16,17,17,17,18,18,17,19,20,20,11,14,15,16,17,18,18,15,15,15,17,17,15,16,17,18,19,19,9,8,9,10,11,13,13,13,10,11,11,10,10,8,9,10,10,8,10,11,11,11,12,12,6,8,8,8,9,10,11,11,5,7,8,8,8,9,9,0,3,4,4,5,7,7,8,8,6,7,8,9,9,7,7,7,7,13,15,15,14,15,17,18,18,18,18,17,18,16,18,17,19,20,20,21,22,24,24,26,26,26,14,16,20,20,20,19,22,26,26,27,22,23,25,26,27,26,22,26,26,19
"91",19,19,18,17,18,18,16,17,17,16,17,17,16,17,17,17,18,18,18,19,19,18,20,21,21,12,15,16,17,18,19,19,16,16,16,18,18,16,17,18,19,20,20,10,9,10,11,12,14,14,14,11,12,12,11,11,9,10,11,11,9,11,12,12,12,13,13,7,9,9,9,10,11,12,12,6,8,9,9,9,10,10,3,0,3,3,6,8,8,9,9,7,8,9,10,10,8,8,8,8,14,16,16,15,16,18,19,19,19,19,18,19,17,19,18,20,21,21,22,23,25,25,27,27,27,15,17,21,21,21,20,23,27,27,28,23,24,26,27,28,27,23,27,27,20
"92",20,20,19,18,19,19,17,18,18,17,18,18,17,18,18,18,19,19,19,20,20,19,21,22,22,13,16,17,18,19,20,20,17,17,17,19,19,17,18,19,20,21,21,11,10,11,12,13,15,15,15,12,13,13,12,12,10,11,12,12,10,12,13,13,13,14,14,8,10,10,10,11,12,13,13,7,9,10,10,10,11,11,4,3,0,2,7,9,9,10,10,8,9,10,11,11,9,9,9,9,15,17,17,16,17,19,20,20,20,20,19,20,18,20,19,21,22,22,23,24,26,26,28,28,28,16,18,22,22,22,21,24,28,28,29,24,25,27,28,29,28,24,28,28,21
"93",20,20,19,18,19,19,17,18,18,17,18,18,17,18,18,18,19,19,19,20,20,19,21,22,22,13,16,17,18,19,20,20,17,17,17,19,19,17,18,19,20,21,21,11,10,11,12,13,15,15,15,12,13,13,12,12,10,11,12,12,10,12,13,13,13,14,14,8,10,10,10,11,12,13,13,7,9,10,10,10,11,11,4,3,2,0,7,9,9,10,10,8,9,10,11,11,9,9,9,9,15,17,17,16,17,19,20,20,20,20,19,20,18,20,19,21,22,22,23,24,26,26,28,28,28,16,18,22,22,22,21,24,28,28,29,24,25,27,28,29,28,24,28,28,21
"94",19,19,18,17,18,18,16,17,17,16,17,17,16,17,17,17,18,18,18,19,19,18,20,21,21,12,15,16,17,18,19,19,16,16,16,18,18,16,17,18,19,20,20,10,9,10,11,12,14,14,14,11,12,12,11,11,9,10,11,11,9,11,12,12,12,13,13,7,9,9,9,10,11,12,12,6,8,9,9,9,10,10,5,6,7,7,0,4,4,5,5,5,6,7,8,8,6,6,6,6,14,16,16,15,16,18,19,19,19,19,18,19,17,19,18,20,21,21,22,23,25,25,27,27,27,15,17,21,21,21,20,23,27,27,28,23,24,26,27,28,27,23,27,27,20
"96",21,21,20,19,20,20,18,19,19,18,19,19,18,19,19,19,20,20,20,21,21,20,22,23,23,14,17,18,19,20,21,21,18,18,18,20,20,18,19,20,21,22,22,12,11,12,13,14,16,16,16,13,14,14,13,13,11,12,13,13,11,13,14,14,14,15,15,9,11,11,11,12,13,14,14,8,10,11,11,11,12,12,7,8,9,9,4,0,4,5,5,7,8,9,10,10,8,8,8,8,16,18,18,17,18,20,21,21,21,21,20,21,19,21,20,22,23,23,24,25,27,27,29,29,29,17,19,23,23,23,22,25,29,29,30,25,26,28,29,30,29,25,29,29,22
"97",21,21,20,19,20,20,18,19,19,18,19,19,18,19,19,19,20,20,20,21,21,20,22,23,23,14,17,18,19,20,21,21,18,18,18,20,20,18,19,20,21,22,22,12,11,12,13,14,16,16,16,13,14,14,13,13,11,12,13,13,11,13,14,14,14,15,15,9,11,11,11,12,13,14,14,8,10,11,11,11,12,12,7,8,9,9,4,4,0,3,3,7,8,9,10,10,8,8,8,8,16,18,18,17,18,20,21,21,21,21,20,21,19,21,20,22,23,23,24,25,27,27,29,29,29,17,19,23,23,23,22,25,29,29,30,25,26,28,29,30,29,25,29,29,22
"98",22,22,21,20,21,21,19,20,20,19,20,20,19,20,20,20,21,21,21,22,22,21,23,24,24,15,18,19,20,21,22,22,19,19,19,21,21,19,20,21,22,23,23,13,12,13,14,15,17,17,17,14,15,15,14,14,12,13,14,14,12,14,15,15,15,16,16,10,12,12,12,13,14,15,15,9,11,12,12,12,13,13,8,9,10,10,5,5,3,0,2,8,9,10,11,11,9,9,9,9,17,19,19,18,19,21,22,22,22,22,21,22,20,22,21,23,24,24,25,26,28,28,30,30,30,18,20,24,24,24,23,26,30,30,31,26,27,29,30,31,30,26,30,30,23
"99",22,22,21,20,21,21,19,20,20,19,20,20,19,20,20,20,21,21,21,22,22,21,23,24,24,15,18,19,20,21,22,22,19,19,19,21,21,19,20,21,22,23,23,13,12,13,14,15,17,17,17,14,15,15,14,14,12,13,14,14,12,14,15,15,15,16,16,10,12,12,12,13,14,15,15,9,11,12,12,12,13,13,8,9,10,10,5,5,3,2,0,8,9,10,11,11,9,9,9,9,17,19,19,18,19,21,22,22,22,22,21,22,20,22,21,23,24,24,25,26,28,28,30,30,30,18,20,24,24,24,23,26,30,30,31,26,27,29,30,31,30,26,30,30,23
"100",20,20,19,18,19,19,17,18,18,17,18,18,17,18,18,18,19,19,19,20,20,19,21,22,22,13,16,17,18,19,20,20,17,17,17,19,19,17,18,19,20,21,21,11,10,11,12,13,15,15,15,12,13,13,12,12,10,11,12,12,10,12,13,13,13,14,14,8,10,10,10,11,12,13,13,7,9,10,10,10,11,11,6,7,8,8,5,7,7,8,8,0,3,4,5,5,5,5,5,5,15,17,17,16,17,19,20,20,20,20,19,20,18,20,19,21,22,22,23,24,26,26,28,28,28,16,18,22,22,22,21,24,28,28,29,24,25,27,28,29,28,24,28,28,21
"101",21,21,20,19,20,20,18,19,19,18,19,19,18,19,19,19,20,20,20,21,21,20,22,23,23,14,17,18,19,20,21,21,18,18,18,20,20,18,19,20,21,22,22,12,11,12,13,14,16,16,16,13,14,14,13,13,11,12,13,13,11,13,14,14,14,15,15,9,11,11,11,12,13,14,14,8,10,11,11,11,12,12,7,8,9,9,6,8,8,9,9,3,0,3,4,4,6,6,6,6,16,18,18,17,18,20,21,21,21,21,20,21,19,21,20,22,23,23,24,25,27,27,29,29,29,17,19,23,23,23,22,25,29,29,30,25,26,28,29,30,29,25,29,29,22
"102",22,22,21,20,21,21,19,20,20,19,20,20,19,20,20,20,21,21,21,22,22,21,23,24,24,15,18,19,20,21,22,22,19,19,19,21,21,19,20,21,22,23,23,13,12,13,14,15,17,17,17,14,15,15,14,14,12,13,14,14,12,14,15,15,15,16,16,10,12,12,12,13,14,15,15,9,11,12,12,12,13,13,8,9,10,10,7,9,9,10,10,4,3,0,3,3,7,7,7,7,17,19,19,18,19,21,22,22,22,22,21,22,20,22,21,23,24,24,25,26,28,28,30,30,30,18,20,24,24,24,23,26,30,30,31,26,27,29,30,31,30,26,30,30,23
"103",23,23,22,21,22,22,20,21,21,20,21,21,20,21,21,21,22,22,22,23,23,22,24,25,25,16,19,20,21,22,23,23,20,20,20,22,22,20,21,22,23,24,24,14,13,14,15,16,18,18,18,15,16,16,15,15,13,14,15,15,13,15,16,16,16,17,17,11,13,13,13,14,15,16,16,10,12,13,13,13,14,14,9,10,11,11,8,10,10,11,11,5,4,3,0,2,8,8,8,8,18,20,20,19,20,22,23,23,23,23,22,23,21,23,22,24,25,25,26,27,29,29,31,31,31,19,21,25,25,25,24,27,31,31,32,27,28,30,31,32,31,27,31,31,24
"104",23,23,22,21,22,22,20,21,21,20,21,21,20,21,21,21,22,22,22,23,23,22,24,25,25,16,19,20,21,22,23,23,20,20,20,22,22,20,21,22,23,24,24,14,13,14,15,16,18,18,18,15,16,16,15,15,13,14,15,15,13,15,16,16,16,17,17,11,13,13,13,14,15,16,16,10,12,13,13,13,14,14,9,10,11,11,8,10,10,11,11,5,4,3,2,0,8,8,8,8,18,20,20,19,20,22,23,23,23,23,22,23,21,23,22,24,25,25,26,27,29,29,31,31,31,19,21,25,25,25,24,27,31,31,32,27,28,30,31,32,31,27,31,31,24
"105",21,21,20,19,20,20,18,19,19,18,19,19,18,19,19,19,20,20,20,21,21,20,22,23,23,14,17,18,19,20,21,21,18,18,18,20,20,18,19,20,21,22,22,12,11,12,13,14,16,16,16,13,14,14,13,13,11,12,13,13,11,13,14,14,14,15,15,9,11,11,11,12,13,14,14,8,10,11,11,11,12,12,7,8,9,9,6,8,8,9,9,5,6,7,8,8,0,2,4,4,16,18,18,17,18,20,21,21,21,21,20,21,19,21,20,22,23,23,24,25,27,27,29,29,29,17,19,23,23,23,22,25,29,29,30,25,26,28,29,30,29,25,29,29,22
"106",21,21,20,19,20,20,18,19,19,18,19,19,18,19,19,19,20,20,20,21,21,20,22,23,23,14,17,18,19,20,21,21,18,18,18,20,20,18,19,20,21,22,22,12,11,12,13,14,16,16,16,13,14,14,13,13,11,12,13,13,11,13,14,14,14,15,15,9,11,11,11,12,13,14,14,8,10,11,11,11,12,12,7,8,9,9,6,8,8,9,9,5,6,7,8,8,2,0,4,4,16,18,18,17,18,20,21,21,21,21,20,21,19,21,20,22,23,23,24,25,27,27,29,29,29,17,19,23,23,23,22,25,29,29,30,25,26,28,29,30,29,25,29,29,22
"107",21,21,20,19,20,20,18,19,19,18,19,19,18,19,19,19,20,20,20,21,21,20,22,23,23,14,17,18,19,20,21,21,18,18,18,20,20,18,19,20,21,22,22,12,11,12,13,14,16,16,16,13,14,14,13,13,11,12,13,13,11,13,14,14,14,15,15,9,11,11,11,12,13,14,14,8,10,11,11,11,12,12,7,8,9,9,6,8,8,9,9,5,6,7,8,8,4,4,0,2,16,18,18,17,18,20,21,21,21,21,20,21,19,21,20,22,23,23,24,25,27,27,29,29,29,17,19,23,23,23,22,25,29,29,30,25,26,28,29,30,29,25,29,29,22
"108",21,21,20,19,20,20,18,19,19,18,19,19,18,19,19,19,20,20,20,21,21,20,22,23,23,14,17,18,19,20,21,21,18,18,18,20,20,18,19,20,21,22,22,12,11,12,13,14,16,16,16,13,14,14,13,13,11,12,13,13,11,13,14,14,14,15,15,9,11,11,11,12,13,14,14,8,10,11,11,11,12,12,7,8,9,9,6,8,8,9,9,5,6,7,8,8,4,4,2,0,16,18,18,17,18,20,21,21,21,21,20,21,19,21,20,22,23,23,24,25,27,27,29,29,29,17,19,23,23,23,22,25,29,29,30,25,26,28,29,30,29,25,29,29,22
"109",11,11,10,9,10,10,8,9,9,8,9,9,8,9,9,9,10,10,10,11,11,10,12,13,13,6,9,10,11,12,13,13,10,10,10,12,12,10,11,12,13,14,14,6,7,10,11,12,14,14,14,11,12,12,11,11,11,12,13,13,11,13,14,14,14,15,15,11,13,13,13,14,15,16,16,12,14,15,15,15,16,16,13,14,15,15,14,16,16,17,17,15,16,17,18,18,16,16,16,16,0,4,4,3,6,8,9,9,9,9,8,9,7,9,8,10,11,11,12,13,15,15,17,17,17,7,9,13,13,13,12,15,19,19,20,15,16,18,19,20,19,15,19,19,12
"110",13,13,12,11,12,12,10,11,11,10,11,11,10,11,11,11,12,12,12,13,13,12,14,15,15,8,11,12,13,14,15,15,12,12,12,14,14,12,13,14,15,16,16,8,9,12,13,14,16,16,16,13,14,14,13,13,13,14,15,15,13,15,16,16,16,17,17,13,15,15,15,16,17,18,18,14,16,17,17,17,18,18,15,16,17,17,16,18,18,19,19,17,18,19,20,20,18,18,18,18,4,0,2,3,8,10,11,11,11,11,10,11,9,11,10,12,13,13,14,15,17,17,19,19,19,9,11,15,15,15,14,17,21,21,22,17,18,20,21,22,21,17,21,21,14
"111",13,13,12,11,12,12,10,11,11,10,11,11,10,11,11,11,12,12,12,13,13,12,14,15,15,8,11,12,13,14,15,15,12,12,12,14,14,12,13,14,15,16,16,8,9,12,13,14,16,16,16,13,14,14,13,13,13,14,15,15,13,15,16,16,16,17,17,13,15,15,15,16,17,18,18,14,16,17,17,17,18,18,15,16,17,17,16,18,18,19,19,17,18,19,20,20,18,18,18,18,4,2,0,3,8,10,11,11,11,11,10,11,9,11,10,12,13,13,14,15,17,17,19,19,19,9,11,15,15,15,14,17,21,21,22,17,18,20,21,22,21,17,21,21,14
"112",12,12,11,10,11,11,9,10,10,9,10,10,9,10,10,10,11,11,11,12,12,11,13,14,14,7,10,11,12,13,14,14,11,11,11,13,13,11,12,13,14,15,15,7,8,11,12,13,15,15,15,12,13,13,12,12,12,13,14,14,12,14,15,15,15,16,16,12,14,14,14,15,16,17,17,13,15,16,16,16,17,17,14,15,16,16,15,17,17,18,18,16,17,18,19,19,17,17,17,17,3,3,3,0,7,9,10,10,10,10,9,10,8,10,9,11,12,12,13,14,16,16,18,18,18,8,10,14,14,14,13,16,20,20,21,16,17,19,20,21,20,16,20,20,13
"113",13,13,12,11,12,12,10,11,11,10,11,11,10,11,11,11,12,12,12,13,13,12,14,15,15,8,11,12,13,14,15,15,12,12,12,14,14,12,13,14,15,16,16,8,9,12,13,14,16,16,16,13,14,14,13,13,13,14,15,15,13,15,16,16,16,17,17,13,15,15,15,16,17,18,18,14,16,17,17,17,18,18,15,16,17,17,16,18,18,19,19,17,18,19,20,20,18,18,18,18,6,8,8,7,0,4,5,5,5,5,6,7,5,7,8,10,11,11,12,13,15,15,17,17,17,9,11,15,15,15,14,17,21,21,22,17,18,20,21,22,21,17,21,21,14
"114",15,15,14,13,14,14,12,13,13,12,13,13,12,13,13,13,14,14,14,15,15,14,16,17,17,10,13,14,15,16,17,17,14,14,14,16,16,14,15,16,17,18,18,10,11,14,15,16,18,18,18,15,16,16,15,15,15,16,17,17,15,17,18,18,18,19,19,15,17,17,17,18,19,20,20,16,18,19,19,19,20,20,17,18,19,19,18,20,20,21,21,19,20,21,22,22,20,20,20,20,8,10,10,9,4,0,3,5,5,5,8,9,7,9,10,12,13,13,14,15,17,17,19,19,19,11,13,17,17,17,16,19,23,23,24,19,20,22,23,24,23,19,23,23,16
"116",16,16,15,14,15,15,13,14,14,13,14,14,13,14,14,14,15,15,15,16,16,15,17,18,18,11,14,15,16,17,18,18,15,15,15,17,17,15,16,17,18,19,19,11,12,15,16,17,19,19,19,16,17,17,16,16,16,17,18,18,16,18,19,19,19,20,20,16,18,18,18,19,20,21,21,17,19,20,20,20,21,21,18,19,20,20,19,21,21,22,22,20,21,22,23,23,21,21,21,21,9,11,11,10,5,3,0,6,6,6,9,10,8,10,11,13,14,14,15,16,18,18,20,20,20,12,14,18,18,18,17,20,24,24,25,20,21,23,24,25,24,20,24,24,17
"117",16,16,15,14,15,15,13,14,14,13,14,14,13,14,14,14,15,15,15,16,16,15,17,18,18,11,14,15,16,17,18,18,15,15,15,17,17,15,16,17,18,19,19,11,12,15,16,17,19,19,19,16,17,17,16,16,16,17,18,18,16,18,19,19,19,20,20,16,18,18,18,19,20,21,21,17,19,20,20,20,21,21,18,19,20,20,19,21,21,22,22,20,21,22,23,23,21,21,21,21,9,11,11,10,5,5,6,0,2,4,9,10,8,10,11,13,14,14,15,16,18,18,20,20,20,12,14,18,18,18,17,20,24,24,25,20,21,23,24,25,24,20,24,24,17
"118",16,16,15,14,15,15,13,14,14,13,14,14,13,14,14,14,15,15,15,16,16,15,17,18,18,11,14,15,16,17,18,18,15,15,15,17,17,15,16,17,18,19,19,11,12,15,16,17,19,19,19,16,17,17,16,16,16,17,18,18,16,18,19,19,19,20,20,16,18,18,18,19,20,21,21,17,19,20,20,20,21,21,18,19,20,20,19,21,21,22,22,20,21,22,23,23,21,21,21,21,9,11,11,10,5,5,6,2,0,4,9,10,8,10,11,13,14,14,15,16,18,18,20,20,20,12,14,18,18,18,17,20,24,24,25,20,21,23,24,25,24,20,24,24,17
"120",16,16,15,14,15,15,13,14,14,13,14,14,13,14,14,14,15,15,15,16,16,15,17,18,18,11,14,15,16,17,18,18,15,15,15,17,17,15,16,17,18,19,19,11,12,15,16,17,19,19,19,16,17,17,16,16,16,17,18,18,16,18,19,19,19,20,20,16,18,18,18,19,20,21,21,17,19,20,20,20,21,21,18,19,20,20,19,21,21,22,22,20,21,22,23,23,21,21,21,21,9,11,11,10,5,5,6,4,4,0,9,10,8,10,11,13,14,14,15,16,18,18,20,20,20,12,14,18,18,18,17,20,24,24,25,20,21,23,24,25,24,20,24,24,17
"121",15,15,14,13,14,14,12,13,13,12,13,13,12,13,13,13,14,14,14,15,15,14,16,17,17,10,13,14,15,16,17,17,14,14,14,16,16,14,15,16,17,18,18,10,11,14,15,16,18,18,18,15,16,16,15,15,15,16,17,17,15,17,18,18,18,19,19,15,17,17,17,18,19,20,20,16,18,19,19,19,20,20,17,18,19,19,18,20,20,21,21,19,20,21,22,22,20,20,20,20,8,10,10,9,6,8,9,9,9,9,0,5,5,7,10,12,13,13,14,15,17,17,19,19,19,11,13,17,17,17,16,19,23,23,24,19,20,22,23,24,23,19,23,23,16
"124",16,16,15,14,15,15,13,14,14,13,14,14,13,14,14,14,15,15,15,16,16,15,17,18,18,11,14,15,16,17,18,18,15,15,15,17,17,15,16,17,18,19,19,11,12,15,16,17,19,19,19,16,17,17,16,16,16,17,18,18,16,18,19,19,19,20,20,16,18,18,18,19,20,21,21,17,19,20,20,20,21,21,18,19,20,20,19,21,21,22,22,20,21,22,23,23,21,21,21,21,9,11,11,10,7,9,10,10,10,10,5,0,6,8,11,13,14,14,15,16,18,18,20,20,20,12,14,18,18,18,17,20,24,24,25,20,21,23,24,25,24,20,24,24,17
"126",14,14,13,12,13,13,11,12,12,11,12,12,11,12,12,12,13,13,13,14,14,13,15,16,16,9,12,13,14,15,16,16,13,13,13,15,15,13,14,15,16,17,17,9,10,13,14,15,17,17,17,14,15,15,14,14,14,15,16,16,14,16,17,17,17,18,18,14,16,16,16,17,18,19,19,15,17,18,18,18,19,19,16,17,18,18,17,19,19,20,20,18,19,20,21,21,19,19,19,19,7,9,9,8,5,7,8,8,8,8,5,6,0,4,9,11,12,12,13,14,16,16,18,18,18,10,12,16,16,16,15,18,22,22,23,18,19,21,22,23,22,18,22,22,15
"127",16,16,15,14,15,15,13,14,14,13,14,14,13,14,14,14,15,15,15,16,16,15,17,18,18,11,14,15,16,17,18,18,15,15,15,17,17,15,16,17,18,19,19,11,12,15,16,17,19,19,19,16,17,17,16,16,16,17,18,18,16,18,19,19,19,20,20,16,18,18,18,19,20,21,21,17,19,20,20,20,21,21,18,19,20,20,19,21,21,22,22,20,21,22,23,23,21,21,21,21,9,11,11,10,7,9,10,10,10,10,7,8,4,0,11,13,14,14,15,16,18,18,20,20,20,12,14,18,18,18,17,20,24,24,25,20,21,23,24,25,24,20,24,24,17
"134",15,15,14,13,14,14,12,13,13,12,13,13,12,13,13,13,14,14,14,15,15,14,16,17,17,10,13,14,15,16,17,17,14,14,14,16,16,14,15,16,17,18,18,10,11,14,15,16,18,18,18,15,16,16,15,15,15,16,17,17,15,17,18,18,18,19,19,15,17,17,17,18,19,20,20,16,18,19,19,19,20,20,17,18,19,19,18,20,20,21,21,19,20,21,22,22,20,20,20,20,8,10,10,9,8,10,11,11,11,11,10,11,9,11,0,8,9,9,10,11,13,13,15,15,15,11,13,17,17,17,16,19,23,23,24,19,20,22,23,24,23,19,23,23,16
"137",17,17,16,15,16,16,14,15,15,14,15,15,14,15,15,15,16,16,16,17,17,16,18,19,19,12,15,16,17,18,19,19,16,16,16,18,18,16,17,18,19,20,20,12,13,16,17,18,20,20,20,17,18,18,17,17,17,18,19,19,17,19,20,20,20,21,21,17,19,19,19,20,21,22,22,18,20,21,21,21,22,22,19,20,21,21,20,22,22,23,23,21,22,23,24,24,22,22,22,22,10,12,12,11,10,12,13,13,13,13,12,13,11,13,8,0,5,9,10,11,13,13,15,15,15,13,15,19,19,19,18,21,25,25,26,21,22,24,25,26,25,21,25,25,18
"142",18,18,17,16,17,17,15,16,16,15,16,16,15,16,16,16,17,17,17,18,18,17,19,20,20,13,16,17,18,19,20,20,17,17,17,19,19,17,18,19,20,21,21,13,14,17,18,19,21,21,21,18,19,19,18,18,18,19,20,20,18,20,21,21,21,22,22,18,20,20,20,21,22,23,23,19,21,22,22,22,23,23,20,21,22,22,21,23,23,24,24,22,23,24,25,25,23,23,23,23,11,13,13,12,11,13,14,14,14,14,13,14,12,14,9,5,0,10,11,12,14,14,16,16,16,14,16,20,20,20,19,22,26,26,27,22,23,25,26,27,26,22,26,26,19
"148",18,18,17,16,17,17,15,16,16,15,16,16,15,16,16,16,17,17,17,18,18,17,19,20,20,13,16,17,18,19,20,20,17,17,17,19,19,17,18,19,20,21,21,13,14,17,18,19,21,21,21,18,19,19,18,18,18,19,20,20,18,20,21,21,21,22,22,18,20,20,20,21,22,23,23,19,21,22,22,22,23,23,20,21,22,22,21,23,23,24,24,22,23,24,25,25,23,23,23,23,11,13,13,12,11,13,14,14,14,14,13,14,12,14,9,9,10,0,7,8,10,10,12,12,12,14,16,20,20,20,19,22,26,26,27,22,23,25,26,27,26,22,26,26,19
"153",19,19,18,17,18,18,16,17,17,16,17,17,16,17,17,17,18,18,18,19,19,18,20,21,21,14,17,18,19,20,21,21,18,18,18,20,20,18,19,20,21,22,22,14,15,18,19,20,22,22,22,19,20,20,19,19,19,20,21,21,19,21,22,22,22,23,23,19,21,21,21,22,23,24,24,20,22,23,23,23,24,24,21,22,23,23,22,24,24,25,25,23,24,25,26,26,24,24,24,24,12,14,14,13,12,14,15,15,15,15,14,15,13,15,10,10,11,7,0,7,9,9,11,11,11,15,17,21,21,21,20,23,27,27,28,23,24,26,27,28,27,23,27,27,20
"158",20,20,19,18,19,19,17,18,18,17,18,18,17,18,18,18,19,19,19,20,20,19,21,22,22,15,18,19,20,21,22,22,19,19,19,21,21,19,20,21,22,23,23,15,16,19,20,21,23,23,23,20,21,21,20,20,20,21,22,22,20,22,23,23,23,24,24,20,22,22,22,23,24,25,25,21,23,24,24,24,25,25,22,23,24,24,23,25,25,26,26,24,25,26,27,27,25,25,25,25,13,15,15,14,13,15,16,16,16,16,15,16,14,16,11,11,12,8,7,0,4,4,6,6,6,16,18,22,22,22,21,24,28,28,29,24,25,27,28,29,28,24,28,28,21
"159",22,22,21,20,21,21,19,20,20,19,20,20,19,20,20,20,21,21,21,22,22,21,23,24,24,17,20,21,22,23,24,24,21,21,21,23,23,21,22,23,24,25,25,17,18,21,22,23,25,25,25,22,23,23,22,22,22,23,24,24,22,24,25,25,25,26,26,22,24,24,24,25,26,27,27,23,25,26,26,26,27,27,24,25,26,26,25,27,27,28,28,26,27,28,29,29,27,27,27,27,15,17,17,16,15,17,18,18,18,18,17,18,16,18,13,13,14,10,9,4,0,4,6,6,6,18,20,24,24,24,23,26,30,30,31,26,27,29,30,31,30,26,30,30,23
"161",22,22,21,20,21,21,19,20,20,19,20,20,19,20,20,20,21,21,21,22,22,21,23,24,24,17,20,21,22,23,24,24,21,21,21,23,23,21,22,23,24,25,25,17,18,21,22,23,25,25,25,22,23,23,22,22,22,23,24,24,22,24,25,25,25,26,26,22,24,24,24,25,26,27,27,23,25,26,26,26,27,27,24,25,26,26,25,27,27,28,28,26,27,28,29,29,27,27,27,27,15,17,17,16,15,17,18,18,18,18,17,18,16,18,13,13,14,10,9,4,4,0,4,4,4,18,20,24,24,24,23,26,30,30,31,26,27,29,30,31,30,26,30,30,23
"163",24,24,23,22,23,23,21,22,22,21,22,22,21,22,22,22,23,23,23,24,24,23,25,26,26,19,22,23,24,25,26,26,23,23,23,25,25,23,24,25,26,27,27,19,20,23,24,25,27,27,27,24,25,25,24,24,24,25,26,26,24,26,27,27,27,28,28,24,26,26,26,27,28,29,29,25,27,28,28,28,29,29,26,27,28,28,27,29,29,30,30,28,29,30,31,31,29,29,29,29,17,19,19,18,17,19,20,20,20,20,19,20,18,20,15,15,16,12,11,6,6,4,0,4,4,20,22,26,26,26,25,28,32,32,33,28,29,31,32,33,32,28,32,32,25
"164",24,24,23,22,23,23,21,22,22,21,22,22,21,22,22,22,23,23,23,24,24,23,25,26,26,19,22,23,24,25,26,26,23,23,23,25,25,23,24,25,26,27,27,19,20,23,24,25,27,27,27,24,25,25,24,24,24,25,26,26,24,26,27,27,27,28,28,24,26,26,26,27,28,29,29,25,27,28,28,28,29,29,26,27,28,28,27,29,29,30,30,28,29,30,31,31,29,29,29,29,17,19,19,18,17,19,20,20,20,20,19,20,18,20,15,15,16,12,11,6,6,4,4,0,2,20,22,26,26,26,25,28,32,32,33,28,29,31,32,33,32,28,32,32,25
"165",24,24,23,22,23,23,21,22,22,21,22,22,21,22,22,22,23,23,23,24,24,23,25,26,26,19,22,23,24,25,26,26,23,23,23,25,25,23,24,25,26,27,27,19,20,23,24,25,27,27,27,24,25,25,24,24,24,25,26,26,24,26,27,27,27,28,28,24,26,26,26,27,28,29,29,25,27,28,28,28,29,29,26,27,28,28,27,29,29,30,30,28,29,30,31,31,29,29,29,29,17,19,19,18,17,19,20,20,20,20,19,20,18,20,15,15,16,12,11,6,6,4,4,2,0,20,22,26,26,26,25,28,32,32,33,28,29,31,32,33,32,28,32,32,25
"167",8,8,7,6,7,7,7,8,8,7,8,8,7,8,8,8,9,9,9,10,10,9,11,12,12,7,10,11,12,13,14,14,11,11,11,13,13,11,12,13,14,15,15,7,8,11,12,13,15,15,15,12,13,13,12,12,12,13,14,14,12,14,15,15,15,16,16,12,14,14,14,15,16,17,17,13,15,16,16,16,17,17,14,15,16,16,15,17,17,18,18,16,17,18,19,19,17,17,17,17,7,9,9,8,9,11,12,12,12,12,11,12,10,12,11,13,14,14,15,16,18,18,20,20,20,0,4,8,8,8,7,10,14,14,15,10,11,13,14,15,14,10,14,14,9
"169",10,10,9,8,9,9,9,10,10,9,10,10,9,10,10,10,11,11,11,12,12,11,13,14,14,9,12,13,14,15,16,16,13,13,13,15,15,13,14,15,16,17,17,9,10,13,14,15,17,17,17,14,15,15,14,14,14,15,16,16,14,16,17,17,17,18,18,14,16,16,16,17,18,19,19,15,17,18,18,18,19,19,16,17,18,18,17,19,19,20,20,18,19,20,21,21,19,19,19,19,9,11,11,10,11,13,14,14,14,14,13,14,12,14,13,15,16,16,17,18,20,20,22,22,22,4,0,6,6,6,5,8,12,12,13,8,9,11,12,13,12,8,12,12,11
"171",14,14,13,12,13,13,13,14,14,13,14,14,13,14,14,14,15,15,15,16,16,15,17,18,18,13,16,17,18,19,20,20,17,17,17,19,19,17,18,19,20,21,21,13,14,17,18,19,21,21,21,18,19,19,18,18,18,19,20,20,18,20,21,21,21,22,22,18,20,20,20,21,22,23,23,19,21,22,22,22,23,23,20,21,22,22,21,23,23,24,24,22,23,24,25,25,23,23,23,23,13,15,15,14,15,17,18,18,18,18,17,18,16,18,17,19,20,20,21,22,24,24,26,26,26,8,6,0,8,8,7,10,14,14,15,10,11,13,14,15,14,10,14,14,15
"175",14,14,13,12,13,13,13,14,14,13,14,14,13,14,14,14,15,15,15,16,16,15,17,18,18,13,16,17,18,19,20,20,17,17,17,19,19,17,18,19,20,21,21,13,14,17,18,19,21,21,21,18,19,19,18,18,18,19,20,20,18,20,21,21,21,22,22,18,20,20,20,21,22,23,23,19,21,22,22,22,23,23,20,21,22,22,21,23,23,24,24,22,23,24,25,25,23,23,23,23,13,15,15,14,15,17,18,18,18,18,17,18,16,18,17,19,20,20,21,22,24,24,26,26,26,8,6,8,0,2,3,8,12,12,13,8,9,11,12,13,12,8,12,12,15
"176",14,14,13,12,13,13,13,14,14,13,14,14,13,14,14,14,15,15,15,16,16,15,17,18,18,13,16,17,18,19,20,20,17,17,17,19,19,17,18,19,20,21,21,13,14,17,18,19,21,21,21,18,19,19,18,18,18,19,20,20,18,20,21,21,21,22,22,18,20,20,20,21,22,23,23,19,21,22,22,22,23,23,20,21,22,22,21,23,23,24,24,22,23,24,25,25,23,23,23,23,13,15,15,14,15,17,18,18,18,18,17,18,16,18,17,19,20,20,21,22,24,24,26,26,26,8,6,8,2,0,3,8,12,12,13,8,9,11,12,13,12,8,12,12,15
"177",13,13,12,11,12,12,12,13,13,12,13,13,12,13,13,13,14,14,14,15,15,14,16,17,17,12,15,16,17,18,19,19,16,16,16,18,18,16,17,18,19,20,20,12,13,16,17,18,20,20,20,17,18,18,17,17,17,18,19,19,17,19,20,20,20,21,21,17,19,19,19,20,21,22,22,18,20,21,21,21,22,22,19,20,21,21,20,22,22,23,23,21,22,23,24,24,22,22,22,22,12,14,14,13,14,16,17,17,17,17,16,17,15,17,16,18,19,19,20,21,23,23,25,25,25,7,5,7,3,3,0,7,11,11,12,7,8,10,11,12,11,7,11,11,14
"179",16,16,15,14,15,15,15,16,16,15,16,16,15,16,16,16,17,17,17,18,18,17,19,20,20,15,18,19,20,21,22,22,19,19,19,21,21,19,20,21,22,23,23,15,16,19,20,21,23,23,23,20,21,21,20,20,20,21,22,22,20,22,23,23,23,24,24,20,22,22,22,23,24,25,25,21,23,24,24,24,25,25,22,23,24,24,23,25,25,26,26,24,25,26,27,27,25,25,25,25,15,17,17,16,17,19,20,20,20,20,19,20,18,20,19,21,22,22,23,24,26,26,28,28,28,10,8,10,8,8,7,0,6,6,7,6,7,9,10,11,10,8,12,12,17
"184",20,20,19,18,19,19,19,20,20,19,20,20,19,20,20,20,21,21,21,22,22,21,23,24,24,19,22,23,24,25,26,26,23,23,23,25,25,23,24,25,26,27,27,19,20,23,24,25,27,27,27,24,25,25,24,24,24,25,26,26,24,26,27,27,27,28,28,24,26,26,26,27,28,29,29,25,27,28,28,28,29,29,26,27,28,28,27,29,29,30,30,28,29,30,31,31,29,29,29,29,19,21,21,20,21,23,24,24,24,24,23,24,22,24,23,25,26,26,27,28,30,30,32,32,32,14,12,14,12,12,11,6,0,2,5,10,11,13,14,15,14,12,16,16,21
"185",20,20,19,18,19,19,19,20,20,19,20,20,19,20,20,20,21,21,21,22,22,21,23,24,24,19,22,23,24,25,26,26,23,23,23,25,25,23,24,25,26,27,27,19,20,23,24,25,27,27,27,24,25,25,24,24,24,25,26,26,24,26,27,27,27,28,28,24,26,26,26,27,28,29,29,25,27,28,28,28,29,29,26,27,28,28,27,29,29,30,30,28,29,30,31,31,29,29,29,29,19,21,21,20,21,23,24,24,24,24,23,24,22,24,23,25,26,26,27,28,30,30,32,32,32,14,12,14,12,12,11,6,2,0,5,10,11,13,14,15,14,12,16,16,21
"187",21,21,20,19,20,20,20,21,21,20,21,21,20,21,21,21,22,22,22,23,23,22,24,25,25,20,23,24,25,26,27,27,24,24,24,26,26,24,25,26,27,28,28,20,21,24,25,26,28,28,28,25,26,26,25,25,25,26,27,27,25,27,28,28,28,29,29,25,27,27,27,28,29,30,30,26,28,29,29,29,30,30,27,28,29,29,28,30,30,31,31,29,30,31,32,32,30,30,30,30,20,22,22,21,22,24,25,25,25,25,24,25,23,25,24,26,27,27,28,29,31,31,33,33,33,15,13,15,13,13,12,7,5,5,0,11,12,14,15,16,15,13,17,17,22
"190",16,16,15,14,15,15,15,16,16,15,16,16,15,16,16,16,17,17,17,18,18,17,19,20,20,15,18,19,20,21,22,22,19,19,19,21,21,19,20,21,22,23,23,15,16,19,20,21,23,23,23,20,21,21,20,20,20,21,22,22,20,22,23,23,23,24,24,20,22,22,22,23,24,25,25,21,23,24,24,24,25,25,22,23,24,24,23,25,25,26,26,24,25,26,27,27,25,25,25,25,15,17,17,16,17,19,20,20,20,20,19,20,18,20,19,21,22,22,23,24,26,26,28,28,28,10,8,10,8,8,7,6,10,10,11,0,3,7,8,9,8,8,12,12,17
"192",17,17,16,15,16,16,16,17,17,16,17,17,16,17,17,17,18,18,18,19,19,18,20,21,21,16,19,20,21,22,23,23,20,20,20,22,22,20,21,22,23,24,24,16,17,20,21,22,24,24,24,21,22,22,21,21,21,22,23,23,21,23,24,24,24,25,25,21,23,23,23,24,25,26,26,22,24,25,25,25,26,26,23,24,25,25,24,26,26,27,27,25,26,27,28,28,26,26,26,26,16,18,18,17,18,20,21,21,21,21,20,21,19,21,20,22,23,23,24,25,27,27,29,29,29,11,9,11,9,9,8,7,11,11,12,3,0,8,9,10,9,9,13,13,18
"194",19,19,18,17,18,18,18,19,19,18,19,19,18,19,19,19,20,20,20,21,21,20,22,23,23,18,21,22,23,24,25,25,22,22,22,24,24,22,23,24,25,26,26,18,19,22,23,24,26,26,26,23,24,24,23,23,23,24,25,25,23,25,26,26,26,27,27,23,25,25,25,26,27,28,28,24,26,27,27,27,28,28,25,26,27,27,26,28,28,29,29,27,28,29,30,30,28,28,28,28,18,20,20,19,20,22,23,23,23,23,22,23,21,23,22,24,25,25,26,27,29,29,31,31,31,13,11,13,11,11,10,9,13,13,14,7,8,0,5,8,7,11,15,15,20
"197",20,20,19,18,19,19,19,20,20,19,20,20,19,20,20,20,21,21,21,22,22,21,23,24,24,19,22,23,24,25,26,26,23,23,23,25,25,23,24,25,26,27,27,19,20,23,24,25,27,27,27,24,25,25,24,24,24,25,26,26,24,26,27,27,27,28,28,24,26,26,26,27,28,29,29,25,27,28,28,28,29,29,26,27,28,28,27,29,29,30,30,28,29,30,31,31,29,29,29,29,19,21,21,20,21,23,24,24,24,24,23,24,22,24,23,25,26,26,27,28,30,30,32,32,32,14,12,14,12,12,11,10,14,14,15,8,9,5,0,9,8,12,16,16,21
"203",21,21,20,19,20,20,20,21,21,20,21,21,20,21,21,21,22,22,22,23,23,22,24,25,25,20,23,24,25,26,27,27,24,24,24,26,26,24,25,26,27,28,28,20,21,24,25,26,28,28,28,25,26,26,25,25,25,26,27,27,25,27,28,28,28,29,29,25,27,27,27,28,29,30,30,26,28,29,29,29,30,30,27,28,29,29,28,30,30,31,31,29,30,31,32,32,30,30,30,30,20,22,22,21,22,24,25,25,25,25,24,25,23,25,24,26,27,27,28,29,31,31,33,33,33,15,13,15,13,13,12,11,15,15,16,9,10,8,9,0,5,13,17,17,22
"206",20,20,19,18,19,19,19,20,20,19,20,20,19,20,20,20,21,21,21,22,22,21,23,24,24,19,22,23,24,25,26,26,23,23,23,25,25,23,24,25,26,27,27,19,20,23,24,25,27,27,27,24,25,25,24,24,24,25,26,26,24,26,27,27,27,28,28,24,26,26,26,27,28,29,29,25,27,28,28,28,29,29,26,27,28,28,27,29,29,30,30,28,29,30,31,31,29,29,29,29,19,21,21,20,21,23,24,24,24,24,23,24,22,24,23,25,26,26,27,28,30,30,32,32,32,14,12,14,12,12,11,10,14,14,15,8,9,7,8,5,0,12,16,16,21
"212",16,16,15,14,15,15,15,16,16,15,16,16,15,16,16,16,17,17,17,18,18,17,19,20,20,15,18,19,20,21,22,22,19,19,19,21,21,19,20,21,22,23,23,15,16,19,20,21,23,23,23,20,21,21,20,20,20,21,22,22,20,22,23,23,23,24,24,20,22,22,22,23,24,25,25,21,23,24,24,24,25,25,22,23,24,24,23,25,25,26,26,24,25,26,27,27,25,25,25,25,15,17,17,16,17,19,20,20,20,20,19,20,18,20,19,21,22,22,23,24,26,26,28,28,28,10,8,10,8,8,7,8,12,12,13,8,9,11,12,13,12,0,10,10,17
"245",20,20,19,18,19,19,19,20,20,19,20,20,19,20,20,20,21,21,21,22,22,21,23,24,24,19,22,23,24,25,26,26,23,23,23,25,25,23,24,25,26,27,27,19,20,23,24,25,27,27,27,24,25,25,24,24,24,25,26,26,24,26,27,27,27,28,28,24,26,26,26,27,28,29,29,25,27,28,28,28,29,29,26,27,28,28,27,29,29,30,30,28,29,30,31,31,29,29,29,29,19,21,21,20,21,23,24,24,24,24,23,24,22,24,23,25,26,26,27,28,30,30,32,32,32,14,12,14,12,12,11,12,16,16,17,12,13,15,16,17,16,10,0,2,21
"246",20,20,19,18,19,19,19,20,20,19,20,20,19,20,20,20,21,21,21,22,22,21,23,24,24,19,22,23,24,25,26,26,23,23,23,25,25,23,24,25,26,27,27,19,20,23,24,25,27,27,27,24,25,25,24,24,24,25,26,26,24,26,27,27,27,28,28,24,26,26,26,27,28,29,29,25,27,28,28,28,29,29,26,27,28,28,27,29,29,30,30,28,29,30,31,31,29,29,29,29,19,21,21,20,21,23,24,24,24,24,23,24,22,24,23,25,26,26,27,28,30,30,32,32,32,14,12,14,12,12,11,12,16,16,17,12,13,15,16,17,16,10,2,0,21
"270",11,11,10,9,10,10,12,13,13,12,13,13,12,13,13,13,14,14,14,15,15,14,16,17,17,12,15,16,17,18,19,19,16,16,16,18,18,16,17,18,19,20,20,12,13,16,17,18,20,20,20,17,18,18,17,17,17,18,19,19,17,19,20,20,20,21,21,17,19,19,19,20,21,22,22,18,20,21,21,21,22,22,19,20,21,21,20,22,22,23,23,21,22,23,24,24,22,22,22,22,12,14,14,13,14,16,17,17,17,17,16,17,15,17,16,18,19,19,20,21,23,23,25,25,25,9,11,15,15,15,14,17,21,21,22,17,18,20,21,22,21,17,21,21,0
